날짜,종목명,종가,시가,고가,저가,거래량
2023.06.30,큐브엔터,25300,23850,25500,23800,248504
2023.06.29,큐브엔터,24200,24300,24800,23650,186495
2023.06.28,큐브엔터,24400,25400,25400,24300,170535
2023.06.27,큐브엔터,25200,25150,25300,24500,159822
2023.06.26,큐브엔터,25200,24900,26200,24550,471247
2023.06.23,큐브엔터,24850,24900,25200,24300,288271
2023.06.22,큐브엔터,24800,26050,26700,24700,734643
2023.06.21,큐브엔터,26500,27750,28200,26500,820406
2023.06.20,큐브엔터,27500,25300,27500,24800,1850441
2023.06.19,큐브엔터,24550,23200,24650,22650,580521
2023.06.16,큐브엔터,23250,22250,23800,21850,607507
2023.06.15,큐브엔터,22100,22700,22850,21700,180434
2023.06.14,큐브엔터,22400,21900,22550,21700,361698
2023.06.13,큐브엔터,21800,21550,22050,21350,169088
2023.06.12,큐브엔터,21450,21450,21650,21100,115921
2023.06.09,큐브엔터,21400,21400,21950,21350,152179
2023.06.08,큐브엔터,21250,21500,21600,21050,140626
2023.06.07,큐브엔터,21650,22400,22500,21350,230168
2023.06.05,큐브엔터,22350,22000,22450,21750,392628
2023.06.02,큐브엔터,21450,21600,21700,21000,252578
2023.06.01,큐브엔터,21400,20000,21400,19980,528099
2023.05.31,큐브엔터,19800,20350,20400,19800,206904
2023.05.30,큐브엔터,20350,19850,20400,19340,333837
2023.05.26,큐브엔터,19780,19960,20300,19700,222194
2023.05.25,큐브엔터,19880,20750,20800,19660,582193
2023.05.24,큐브엔터,21050,21600,22150,21050,418933
2023.05.23,큐브엔터,21450,21700,21700,21100,244644
2023.05.22,큐브엔터,21450,21350,21650,20600,343940
2023.05.19,큐브엔터,21000,22700,22700,20600,783324
2023.05.18,큐브엔터,22600,23900,23900,22500,437042
2023.05.17,큐브엔터,23550,23400,24050,22800,680464
2023.05.16,큐브엔터,22900,24150,24550,22050,1107124
2023.05.15,큐브엔터,24300,25650,25650,23400,556527
2023.05.12,큐브엔터,25200,25500,26000,24700,548699
2023.05.11,큐브엔터,24850,24050,25700,23300,428510
2023.05.10,큐브엔터,23650,23600,24400,23400,284561
2023.05.09,큐브엔터,23250,24300,24350,22900,349056
2023.05.08,큐브엔터,24300,25700,25750,23800,400585
2023.05.04,큐브엔터,25450,26400,26450,25050,405750
2023.05.03,큐브엔터,26150,25450,26950,25400,867759
2023.05.02,큐브엔터,25200,23900,25500,23400,509127
2023.04.28,큐브엔터,23450,23500,24150,23000,287033
2023.04.27,큐브엔터,23900,23900,24350,23050,509053
2023.04.26,큐브엔터,23150,22400,24250,22050,596965
2023.04.25,큐브엔터,22150,22150,22400,21650,178694
2023.04.24,큐브엔터,22250,21950,22600,21750,201788
2023.04.21,큐브엔터,22250,23400,23500,21700,820942
2023.04.20,큐브엔터,24300,25850,25850,24100,521464
2023.04.19,큐브엔터,25650,26450,26700,25450,291033
2023.04.18,큐브엔터,26700,25900,27350,25750,531625
2023.04.17,큐브엔터,25700,26400,27050,25500,397047
2023.04.14,큐브엔터,26250,26450,27700,26050,669054
2023.04.13,큐브엔터,26100,24850,26450,24700,418770
2023.04.12,큐브엔터,24850,24950,25150,24500,136047
2023.04.11,큐브엔터,25000,23900,25600,23700,317901
2023.04.10,큐브엔터,24100,24100,24450,23550,167962
2023.04.07,큐브엔터,24200,26200,26400,24000,586294
2023.04.06,큐브엔터,25950,25750,26850,25350,385250
2023.04.05,큐브엔터,25750,24750,26200,24350,406791
2023.04.04,큐브엔터,25050,25350,25800,24200,465403
2023.04.03,큐브엔터,25650,23000,25650,23000,754396
2023.03.31,큐브엔터,23250,22750,23900,22700,305576
2023.03.30,큐브엔터,23050,23500,23550,22300,486306
2023.03.29,큐브엔터,23700,22000,24150,21750,1107127
2023.03.28,큐브엔터,21850,21500,21900,21150,245609
2023.03.27,큐브엔터,21600,21200,21600,20650,179773
2023.03.24,큐브엔터,21350,21150,21900,20200,288182
2023.03.23,큐브엔터,21100,20800,21250,20150,245575
2023.03.22,큐브엔터,20850,21200,21200,20600,262921
2023.03.21,큐브엔터,20900,20900,21300,20500,755408
2023.03.20,큐브엔터,19850,20200,21050,19850,518188
2023.03.17,큐브엔터,20400,19240,20800,19200,754697
2023.03.16,큐브엔터,18300,18200,18300,17680,132221
2023.03.15,큐브엔터,18250,18300,18520,18030,134071
2023.03.14,큐브엔터,17840,18900,19180,17730,245827
2023.03.13,큐브엔터,18900,19690,19990,18280,604292
2023.03.10,큐브엔터,20300,21350,22300,20200,430771
2023.03.09,큐브엔터,21750,21050,21800,20850,528615
2023.03.08,큐브엔터,20650,20250,21150,20150,307649
2023.03.07,큐브엔터,20400,20550,20600,19810,386698
2023.03.06,큐브엔터,20550,22250,22250,20250,781301
2023.03.03,큐브엔터,21450,21700,22350,21200,568841
2023.03.02,큐브엔터,21450,19950,21650,19760,1178835
2023.02.28,큐브엔터,19480,18640,19650,18570,283795
2023.02.27,큐브엔터,18600,18670,18760,18390,103981
2023.02.24,큐브엔터,18670,19200,19380,18630,149842
2023.02.23,큐브엔터,19020,19250,19350,18880,181304
2023.02.22,큐브엔터,19110,19240,19600,19010,187418
2023.02.21,큐브엔터,19410,19900,19900,18950,293845
2023.02.20,큐브엔터,19810,19400,19940,19310,159616
2023.02.17,큐브엔터,19470,19540,19900,19140,196872
2023.02.16,큐브엔터,19800,19840,20350,19640,316786
2023.02.15,큐브엔터,19950,21300,21350,19680,777989
2023.02.14,큐브엔터,21300,21700,21750,21050,395880
2023.02.13,큐브엔터,21750,22700,23550,21300,1369370
2023.02.10,큐브엔터,21700,20950,22950,20450,2696821
2023.02.09,큐브엔터,20300,20400,20800,20200,137802
2023.02.08,큐브엔터,20650,20750,21050,19990,317967
2023.02.07,큐브엔터,20650,20450,20950,20050,244423
2023.02.06,큐브엔터,20400,20900,21050,20050,161599
2023.02.03,큐브엔터,20850,21000,21200,20600,220909
2023.02.02,큐브엔터,20900,20400,21150,20200,379927
2023.02.01,큐브엔터,20100,20200,20550,19900,191696
2023.01.31,큐브엔터,20150,19830,20700,19820,184863
2023.01.30,큐브엔터,20200,20200,20550,19940,213921
2023.01.27,큐브엔터,20450,20350,20600,19670,426085
2023.01.26,큐브엔터,20400,20750,21250,19990,448444
2023.01.25,큐브엔터,21000,21650,21700,20800,366969
2023.01.20,큐브엔터,21700,21750,21950,21300,392214
2023.01.19,큐브엔터,21750,20100,21950,20100,1468270
2023.01.18,큐브엔터,20150,19850,20150,19100,388596
2023.01.17,큐브엔터,19350,19350,19900,18950,218197
2023.01.16,큐브엔터,19250,19100,20150,18850,438922
2023.01.13,큐브엔터,19200,18150,19200,18050,208558
2023.01.12,큐브엔터,18050,19150,20300,18000,829822
2023.01.11,큐브엔터,18500,17100,18650,17100,440615
2023.01.10,큐브엔터,17100,17500,17700,17050,74878
2023.01.09,큐브엔터,17500,17250,17800,17050,207283
2023.01.06,큐브엔터,16900,16400,17150,16250,121854
2023.01.05,큐브엔터,16600,16900,17200,16400,97572
2023.01.04,큐브엔터,16850,16700,17250,16450,195835
2023.01.03,큐브엔터,16750,15550,17000,15500,323564
2023.01.02,큐브엔터,15700,16200,16450,15500,117338
2022.12.29,큐브엔터,16200,16800,17300,16150,243151
2022.12.28,큐브엔터,16900,16900,17300,16800,150384
2022.12.27,큐브엔터,16950,16550,17350,16500,258129
2022.12.26,큐브엔터,16550,16250,16950,16250,165666
2022.12.23,큐브엔터,16400,16650,17150,16400,226500
2022.12.22,큐브엔터,17000,17200,17250,16650,268386
2022.12.21,큐브엔터,16950,20050,20600,16650,1729680
2022.12.20,큐브엔터,19300,19650,19750,19050,194807
2022.12.19,큐브엔터,19800,19850,20550,19700,175123
2022.12.16,큐브엔터,20000,18600,20750,18550,689750
2022.12.15,큐브엔터,18750,18850,19000,18500,131802
2022.12.14,큐브엔터,18800,18400,19300,18000,319079
2022.12.13,큐브엔터,18300,20050,20400,18050,387293
2022.12.12,큐브엔터,20000,20600,21100,19450,382924
2022.12.09,큐브엔터,20850,20950,21300,20700,160116
2022.12.08,큐브엔터,20650,21000,21050,20600,110344
2022.12.07,큐브엔터,21100,20800,21350,20450,151236
2022.12.06,큐브엔터,20900,20600,21550,20250,259012
2022.12.05,큐브엔터,20900,21500,21800,20650,316649
2022.12.02,큐브엔터,21000,21050,21300,20800,147524
2022.12.01,큐브엔터,21000,20950,21100,20550,187383
2022.11.30,큐브엔터,20700,20850,21150,20250,180889
2022.11.29,큐브엔터,20800,20250,21300,20000,503290
2022.11.28,큐브엔터,20500,20400,21000,20000,161404
2022.11.25,큐브엔터,20400,21050,21500,20200,416498
2022.11.24,큐브엔터,21300,20600,21350,20150,359576
2022.11.23,큐브엔터,20550,19400,20750,19200,708036
2022.11.22,큐브엔터,19000,18700,19050,18400,117894
2022.11.21,큐브엔터,18850,19350,19650,18250,265219
2022.11.18,큐브엔터,19350,19700,19700,19150,133655
2022.11.17,큐브엔터,19700,19750,20200,19350,145171
2022.11.16,큐브엔터,19750,19300,20350,19150,385047
2022.11.15,큐브엔터,19300,18200,19900,18050,636416
2022.11.14,큐브엔터,17950,18400,18900,17950,164942
2022.11.11,큐브엔터,18600,18900,18950,18050,189082
2022.11.10,큐브엔터,18500,17850,18600,17600,154244
2022.11.09,큐브엔터,17850,18300,18450,17800,76855
2022.11.08,큐브엔터,18300,18300,18450,17950,94818
2022.11.07,큐브엔터,18300,18500,18750,18000,138660
2022.11.04,큐브엔터,18350,17550,18550,17550,216927
2022.11.03,큐브엔터,17650,17150,17850,17000,76690
2022.11.02,큐브엔터,17600,17600,18150,17600,131659
2022.11.01,큐브엔터,17500,17350,17500,16850,117065
2022.10.31,큐브엔터,17450,17350,17500,16750,118794
2022.10.28,큐브엔터,17350,17750,17800,17000,182542
2022.10.27,큐브엔터,17850,18100,18450,17250,173094
2022.10.26,큐브엔터,18100,18850,19200,17800,195904
2022.10.25,큐브엔터,18950,18000,19000,17900,232303
2022.10.24,큐브엔터,18200,18200,18600,17750,247828
2022.10.21,큐브엔터,17700,18000,18300,17400,168712
2022.10.20,큐브엔터,18200,19350,19400,18150,357673
2022.10.19,큐브엔터,19100,16550,19100,16400,1322505
2022.10.18,큐브엔터,16500,16200,17000,15900,291117
2022.10.17,큐브엔터,16000,16250,16400,15400,213162
2022.10.14,큐브엔터,16500,16400,16750,16050,199123
2022.10.13,큐브엔터,16200,16300,16500,15800,103605
2022.10.12,큐브엔터,16400,15550,16600,15550,123290
2022.10.11,큐브엔터,15700,15750,15900,15350,76914
2022.10.07,큐브엔터,16150,15900,16300,15350,101793
2022.10.06,큐브엔터,16100,16300,16650,15900,92813
2022.10.05,큐브엔터,16300,16350,16750,16050,130250
2022.10.04,큐브엔터,16150,16350,16450,15850,116630
2022.09.30,큐브엔터,16150,15300,16250,14650,164434
2022.09.29,큐브엔터,15400,15100,15900,15000,156271
2022.09.28,큐브엔터,14950,14950,15600,14350,134306
2022.09.27,큐브엔터,15150,15400,15650,14450,208037
2022.09.26,큐브엔터,15700,16500,16800,14900,325784
2022.09.23,큐브엔터,16750,16750,17200,16500,150201
2022.09.22,큐브엔터,16850,16350,16850,16000,204057
2022.09.21,큐브엔터,16500,16400,16650,16150,139145
2022.09.20,큐브엔터,16400,15450,16600,15250,320085
2022.09.19,큐브엔터,15450,15600,15600,14700,86352
2022.09.16,큐브엔터,15250,15150,15450,14800,120930
2022.09.15,큐브엔터,15300,15300,15800,14950,183055
2022.09.14,큐브엔터,15300,13750,15400,13700,272865
2022.09.13,큐브엔터,14250,14100,14500,13800,55857
2022.09.08,큐브엔터,14050,13800,14250,13750,45173
2022.09.07,큐브엔터,13750,13700,13800,13050,53786
2022.09.06,큐브엔터,13700,13700,13950,13600,21526
2022.09.05,큐브엔터,13700,14000,14250,13600,48158
2022.09.02,큐브엔터,14050,13950,14450,13850,60205
2022.09.01,큐브엔터,14000,14450,14450,13750,48811
2022.08.31,큐브엔터,14450,14350,14650,14000,59124
2022.08.30,큐브엔터,14400,13650,14600,13650,90139
2022.08.29,큐브엔터,13700,13600,13850,13500,53773
2022.08.26,큐브엔터,14200,14000,14350,13900,56329
2022.08.25,큐브엔터,13950,13800,14300,13700,58369
2022.08.24,큐브엔터,13850,14100,14250,13500,112750
2022.08.23,큐브엔터,14100,14600,14900,14050,140974
2022.08.22,큐브엔터,14850,15000,15400,14600,279742
2022.08.19,큐브엔터,14800,13750,15000,13750,384517
2022.08.18,큐브엔터,13700,13150,14200,12850,111966
2022.08.17,큐브엔터,13150,13600,13600,13100,52253
2022.08.16,큐브엔터,13600,13850,13900,13550,30475
2022.08.12,큐브엔터,13600,13600,13800,13450,45106
2022.08.11,큐브엔터,13700,13700,13850,13650,34402
2022.08.10,큐브엔터,13550,14250,14300,13500,108662
2022.08.09,큐브엔터,14250,14750,14750,14250,60601
2022.08.08,큐브엔터,14550,14700,14850,14250,49055
2022.08.05,큐브엔터,14700,14700,14750,14450,73893
2022.08.04,큐브엔터,14700,14800,14800,14450,60900
2022.08.03,큐브엔터,14450,14300,14550,14150,67892
2022.08.02,큐브엔터,14300,14150,14350,13900,88433
2022.08.01,큐브엔터,14250,14200,14450,14050,63149
2022.07.29,큐브엔터,14500,14500,14850,14350,168519
2022.07.28,큐브엔터,14200,13650,14200,13600,163902
2022.07.27,큐브엔터,13500,13500,13750,13450,33294
2022.07.26,큐브엔터,13700,13700,13750,13350,39045
2022.07.25,큐브엔터,13700,13400,13750,13250,50942
2022.07.22,큐브엔터,13750,14200,14400,13550,85166
2022.07.21,큐브엔터,14200,13800,14300,13650,88602
2022.07.20,큐브엔터,13800,13700,14100,13500,122622
2022.07.19,큐브엔터,13500,13500,13550,13300,45419
2022.07.18,큐브엔터,13500,13650,13700,13250,55715
2022.07.15,큐브엔터,13550,13700,13800,13250,89697
2022.07.14,큐브엔터,13700,13600,14150,13500,138734
2022.07.13,큐브엔터,13700,13100,13700,12900,118837
2022.07.12,큐브엔터,13150,12800,13150,12650,71605
2022.07.11,큐브엔터,13150,13200,13250,12600,131345
2022.07.08,큐브엔터,13150,13300,13500,13000,78562
2022.07.07,큐브엔터,13150,12950,13150,12750,76317
2022.07.06,큐브엔터,12650,12650,13300,12500,106279
2022.07.05,큐브엔터,12650,12300,12700,12300,98722
2022.07.04,큐브엔터,12500,12500,12700,11800,56507
2022.07.01,큐브엔터,12500,12450,12950,12250,65589
2022.06.30,큐브엔터,12500,12850,12850,12250,40159
2022.06.29,큐브엔터,12700,12250,12800,12000,73247
2022.06.28,큐브엔터,12600,12600,12800,12250,50804
2022.06.27,큐브엔터,12750,12700,12950,12400,83539
2022.06.24,큐브엔터,12650,11650,12650,11500,118839
2022.06.23,큐브엔터,11650,12300,12450,11500,206355
2022.06.22,큐브엔터,12250,13100,13600,12100,137899
2022.06.21,큐브엔터,13150,12700,13300,12300,115720
2022.06.20,큐브엔터,12450,13600,13750,12250,176097
2022.06.17,큐브엔터,13600,12800,13700,12800,130480
2022.06.16,큐브엔터,13600,13250,14150,13250,199286
2022.06.15,큐브엔터,12950,13500,13600,12900,266859
2022.06.14,큐브엔터,13550,12800,13550,12800,210176
2022.06.13,큐브엔터,13350,14500,14650,13300,366584
2022.06.10,큐브엔터,14950,15100,15100,14700,52365
2022.06.09,큐브엔터,15350,15050,15450,14800,56343
2022.06.08,큐브엔터,15250,15400,15600,15150,46598
2022.06.07,큐브엔터,15250,15800,15850,15100,68163
2022.06.03,큐브엔터,15800,16100,16100,15700,31083
2022.06.02,큐브엔터,16000,16500,16500,15700,54627
2022.05.31,큐브엔터,16400,16200,16500,16150,47511
2022.05.30,큐브엔터,16400,16000,16400,15850,103108
2022.05.27,큐브엔터,15700,15950,16400,15650,70167
2022.05.26,큐브엔터,15850,15350,16250,15350,195564
2022.05.25,큐브엔터,15150,15500,15700,14800,195797
2022.05.24,큐브엔터,15700,16200,16300,15600,103203
2022.05.23,큐브엔터,16350,16700,16700,15750,137086
2022.05.20,큐브엔터,16550,16450,16750,16300,89940
2022.05.19,큐브엔터,16650,16150,16900,16050,134993
2022.05.18,큐브엔터,16900,17150,17150,16300,142882
2022.05.17,큐브엔터,17100,16500,17150,16250,233216
2022.05.16,큐브엔터,16200,15850,16600,15700,133333
2022.05.13,큐브엔터,15500,14850,15500,14850,88633
2022.05.12,큐브엔터,14850,15050,15600,14650,186066
2022.05.11,큐브엔터,15150,15000,15300,14600,150553
2022.05.10,큐브엔터,15200,14950,15250,13950,313702
2022.05.09,큐브엔터,15500,16350,16350,15200,215416
2022.05.06,큐브엔터,16550,16600,16650,16150,49458
2022.05.04,큐브엔터,16900,17100,17100,16700,45720
2022.05.03,큐브엔터,17100,17050,17350,16800,118239
2022.05.02,큐브엔터,17000,16750,17100,16750,88884
2022.04.29,큐브엔터,17200,17350,17350,17100,35184
2022.04.28,큐브엔터,17100,17700,18050,16950,181936
2022.04.27,큐브엔터,17950,17300,17950,17100,123863
2022.04.26,큐브엔터,17950,18200,18350,17500,89818
2022.04.25,큐브엔터,18000,18500,18600,17950,143793
2022.04.22,큐브엔터,18900,19050,19200,18600,110449
2022.04.21,큐브엔터,19250,19100,19400,19050,61100
2022.04.20,큐브엔터,19250,19550,19650,19050,98413
2022.04.19,큐브엔터,19450,19550,19600,19000,146303
2022.04.18,큐브엔터,19450,20500,20500,19350,185174
2022.04.15,큐브엔터,20450,19500,20650,19400,244659
2022.04.14,큐브엔터,19650,19350,20000,19300,254773
2022.04.13,큐브엔터,19000,19150,19350,18700,174439
2022.04.12,큐브엔터,19100,19000,19550,18900,189137
2022.04.11,큐브엔터,19450,19950,20250,19150,226344
2022.04.08,큐브엔터,19900,20450,20450,19500,246391
2022.04.07,큐브엔터,20000,21300,21400,20000,436012
2022.04.06,큐브엔터,21550,22400,22500,21500,402758
2022.04.05,큐브엔터,22600,24350,24350,22550,374450
2022.04.04,큐브엔터,23950,24350,24550,23450,501596
2022.04.01,큐브엔터,23650,23000,23950,22400,628141
2022.03.31,큐브엔터,22900,23550,24500,22900,504841
2022.03.30,큐브엔터,23700,24150,24400,23400,397791
2022.03.29,큐브엔터,23700,24350,24950,23500,630526
2022.03.28,큐브엔터,24000,24000,25000,23600,803799
2022.03.25,큐브엔터,23800,22550,24250,22550,1108249
2022.03.24,큐브엔터,22300,20550,22400,20300,649644
2022.03.23,큐브엔터,20750,21000,21050,20350,89621
2022.03.22,큐브엔터,21000,21100,21350,20650,156949
2022.03.21,큐브엔터,20950,19550,20950,19400,482599
2022.03.18,큐브엔터,19100,19200,19550,18750,35345
2022.03.17,큐브엔터,19200,18700,19500,18250,140587
2022.03.16,큐브엔터,18200,17900,18450,17900,42443
2022.03.15,큐브엔터,17900,18000,18150,17500,38181
2022.03.14,큐브엔터,18000,18650,18700,17850,55855
2022.03.11,큐브엔터,18650,18900,19100,18500,39047
2022.03.10,큐브엔터,18700,18550,19000,18500,32881
2022.03.08,큐브엔터,18400,18400,18700,17800,75036
2022.03.07,큐브엔터,18900,19600,19600,18700,78450
2022.03.04,큐브엔터,19750,20000,20000,19450,61280
2022.03.03,큐브엔터,20000,20050,20500,19600,125937
2022.03.02,큐브엔터,20050,19850,20150,19550,92733
2022.02.28,큐브엔터,19600,19750,20300,19300,80408
2022.02.25,큐브엔터,19750,19550,20000,19550,70963
2022.02.24,큐브엔터,19150,19350,19700,18750,88563
2022.02.23,큐브엔터,19600,19550,20050,19450,77747
2022.02.22,큐브엔터,19550,19400,19900,19350,114656
2022.02.21,큐브엔터,20000,19650,20150,19350,76969
2022.02.18,큐브엔터,19850,19050,20100,18950,87542
2022.02.17,큐브엔터,19450,19100,19650,18900,152245
2022.02.16,큐브엔터,19100,18350,19200,18000,164437
2022.02.15,큐브엔터,18050,18650,18900,17500,246668
2022.02.14,큐브엔터,18900,19000,19350,18400,144070
2022.02.11,큐브엔터,19550,19550,19950,19250,118283
2022.02.10,큐브엔터,19900,20150,20600,19500,239799
2022.02.09,큐브엔터,20500,20100,20850,19450,208033
2022.02.08,큐브엔터,19850,19150,20150,18800,419746
2022.02.07,큐브엔터,18600,18650,18850,17900,251713
2022.02.04,큐브엔터,18400,17150,18400,17050,127345
2022.02.03,큐브엔터,17400,17850,18150,17250,133032
2022.01.28,큐브엔터,17450,16900,17500,15750,255005
2022.01.27,큐브엔터,16900,17800,18000,16450,223774
2022.01.26,큐브엔터,17950,17700,19150,17450,213382
2022.01.25,큐브엔터,18150,18450,18850,17500,253492
2022.01.24,큐브엔터,18550,18800,18900,18100,137103
2022.01.21,큐브엔터,19350,19700,20000,18850,124554
2022.01.20,큐브엔터,20000,18900,20050,18750,181813
2022.01.19,큐브엔터,19100,19600,19600,18250,227742
2022.01.18,큐브엔터,19650,20050,20650,19250,143637
2022.01.17,큐브엔터,20150,20900,21100,19850,132180
2022.01.14,큐브엔터,20450,20200,20750,19500,182976
2022.01.13,큐브엔터,20450,21300,21600,20350,121103
2022.01.12,큐브엔터,21000,20600,21800,20600,169154
2022.01.11,큐브엔터,20600,21800,22250,20000,357363
2022.01.10,큐브엔터,21800,22200,22200,21150,171980
2022.01.07,큐브엔터,22550,21050,22850,21050,297300
2022.01.06,큐브엔터,21000,21750,22650,20650,571635
2022.01.05,큐브엔터,22900,23700,23700,22300,358721
2022.01.04,큐브엔터,23900,24850,25550,23700,280654
2022.01.03,큐브엔터,24800,25000,25600,24150,266081
2021.12.30,큐브엔터,25150,25600,25600,24350,328804
2021.12.29,큐브엔터,25600,26100,26500,25100,638098
2021.12.28,큐브엔터,26100,23500,26200,23500,1272204
2021.12.27,큐브엔터,23500,24550,24850,23500,313224
2021.12.24,큐브엔터,24600,22900,24700,22350,882766
2021.12.23,큐브엔터,22550,22600,23150,22150,148469
2021.12.22,큐브엔터,22550,23000,23450,22500,236412
2021.12.21,큐브엔터,22300,21750,22300,21000,173408
2021.12.20,큐브엔터,21700,22150,22450,21500,203708
2021.12.17,큐브엔터,22550,22350,22950,21250,368333
2021.12.16,큐브엔터,22550,22700,23400,22150,252044
2021.12.15,큐브엔터,22700,24000,24150,22100,406995
2021.12.14,큐브엔터,24000,24350,25400,23850,270189
2021.12.13,큐브엔터,24500,24500,25800,22700,1003806
2021.12.10,큐브엔터,23550,23500,24200,22800,317711
2021.12.09,큐브엔터,23600,22450,23950,22250,394235
2021.12.08,큐브엔터,22450,22300,23000,21950,199971
2021.12.07,큐브엔터,22050,22800,23100,21700,206187
2021.12.06,큐브엔터,22350,22150,23250,22000,251242
2021.12.03,큐브엔터,23150,21800,23700,21300,490107
2021.12.02,큐브엔터,21600,23150,23850,19950,1150622
2021.12.01,큐브엔터,23900,24850,24900,22800,462187
2021.11.30,큐브엔터,24400,26400,26800,23550,667729
2021.11.29,큐브엔터,26200,24650,27200,24100,795664
2021.11.26,큐브엔터,25800,26350,27600,25300,967781
2021.11.25,큐브엔터,26750,25200,27450,25050,1478593
2021.11.24,큐브엔터,25050,23700,25150,22950,655190
2021.11.23,큐브엔터,23950,24350,24600,22800,485377
2021.11.22,큐브엔터,24850,26550,27400,22500,1339857
2021.11.19,큐브엔터,26700,26600,27350,25050,829284
2021.11.18,큐브엔터,26950,24450,27600,22500,1569903
2021.11.17,큐브엔터,24650,23650,25500,23400,1240914
2021.11.16,큐브엔터,23350,22000,24600,20600,2777152
2021.11.15,큐브엔터,21450,27400,29800,20500,3869684
2021.11.12,큐브엔터,25400,25200,26850,24500,979207
2021.11.11,큐브엔터,24250,24300,25150,23650,641635
2021.11.10,큐브엔터,24850,21800,25100,21800,1910700
2021.11.09,큐브엔터,21750,21750,22250,20600,633079
2021.11.08,큐브엔터,21750,22500,23300,19500,1266795
2021.11.05,큐브엔터,22350,21500,23000,21500,633148
2021.11.04,큐브엔터,21200,20950,21850,20650,325628
2021.11.03,큐브엔터,21000,21250,21850,20000,448790
2021.11.02,큐브엔터,21500,20100,21700,19650,809111
2021.11.01,큐브엔터,20000,18150,20000,18150,1089888
2021.10.29,큐브엔터,17900,17400,18100,17300,391564
2021.10.28,큐브엔터,17550,17300,17950,16900,425545
2021.10.27,큐브엔터,17200,17150,17350,16800,169571
2021.10.26,큐브엔터,17150,16750,17700,16200,388514
2021.10.25,큐브엔터,16750,16800,17050,16450,204211
2021.10.22,큐브엔터,16800,16400,17050,15950,313606
2021.10.21,큐브엔터,16600,16850,17650,15500,1027367
2021.10.20,큐브엔터,17000,16100,17200,15700,757968
2021.10.19,큐브엔터,16100,15400,16500,15300,492476
2021.10.18,큐브엔터,15400,15100,15800,14900,542520
2021.10.15,큐브엔터,14950,14450,15100,14400,399566
2021.10.14,큐브엔터,14450,13950,14500,13700,319419
2021.10.13,큐브엔터,13950,13300,14400,13300,427875
2021.10.12,큐브엔터,13300,13000,13450,12750,91569
2021.10.08,큐브엔터,13250,13200,13550,12950,196813
2021.10.07,큐브엔터,13050,12200,13150,12200,236064
2021.10.06,큐브엔터,12050,12350,13000,12000,240583
2021.10.05,큐브엔터,12150,12450,12650,11900,122017
2021.10.01,큐브엔터,12500,12750,13100,12250,158787
2021.09.30,큐브엔터,12900,13100,13100,12600,167003
2021.09.29,큐브엔터,13100,12750,13400,12550,184746
2021.09.28,큐브엔터,13300,13400,13600,12850,140913
2021.09.27,큐브엔터,13350,13700,13900,13300,151216
2021.09.24,큐브엔터,13700,13450,13850,13300,210534
2021.09.23,큐브엔터,13450,13050,14200,12800,206422
2021.09.17,큐브엔터,13100,13150,13200,12850,78331
2021.09.16,큐브엔터,13150,13500,13500,13050,77430
2021.09.15,큐브엔터,13300,13350,13600,13250,77477
2021.09.14,큐브엔터,13550,13600,14200,13100,209582
2021.09.13,큐브엔터,13700,13150,13950,13150,148954
2021.09.10,큐브엔터,13300,13650,13700,12900,220233
2021.09.09,큐브엔터,13700,13900,14050,13450,177423
2021.09.08,큐브엔터,13900,14750,15000,13750,405359
2021.09.07,큐브엔터,14800,13950,14850,13900,678324
2021.09.06,큐브엔터,13950,14000,14450,13900,216509
2021.09.03,큐브엔터,14050,13850,14100,13600,219978
2021.09.02,큐브엔터,14050,13800,14150,13250,416689
2021.09.01,큐브엔터,13800,12600,13800,12550,471956
2021.08.31,큐브엔터,12750,12650,13200,12350,407662
2021.08.30,큐브엔터,12650,13150,13150,12600,218630
2021.08.27,큐브엔터,13150,12900,13550,12700,231070
2021.08.26,큐브엔터,12900,12750,13350,12600,323033
2021.08.25,큐브엔터,12750,13150,13150,12450,315889
2021.08.24,큐브엔터,13000,12200,13050,12100,393190
2021.08.23,큐브엔터,12050,11900,12350,11350,288906
2021.08.20,큐브엔터,11350,11900,12000,10800,264357
2021.08.19,큐브엔터,11600,12050,12550,11250,275924
2021.08.18,큐브엔터,12050,12200,12350,11800,213907
2021.08.17,큐브엔터,12200,13100,13450,12100,284561
2021.08.13,큐브엔터,13300,13750,14100,13000,412659
2021.08.12,큐브엔터,13900,13650,14050,13100,551963
2021.08.11,큐브엔터,14000,14250,14450,13950,147395
2021.08.10,큐브엔터,14400,14750,14900,13600,689403
2021.08.09,큐브엔터,15350,15550,16000,15000,179779
2021.08.06,큐브엔터,15750,15700,15800,15200,174438
2021.08.05,큐브엔터,15800,16300,16750,15750,309752
2021.08.04,큐브엔터,16300,15100,16600,15050,619949
2021.08.03,큐브엔터,15250,15350,15350,14850,124302
2021.08.02,큐브엔터,15350,14100,15800,14000,472035
2021.07.30,큐브엔터,14150,13800,14450,13700,133777
2021.07.29,큐브엔터,13850,13850,14100,13350,157145
2021.07.28,큐브엔터,13850,13950,14250,13600,120200
2021.07.27,큐브엔터,14200,14800,14850,13800,274399
2021.07.26,큐브엔터,14800,15050,15550,14800,254761
2021.07.23,큐브엔터,15050,15700,15900,14800,498947
2021.07.22,큐브엔터,15900,14700,17450,14000,3290710
2021.07.21,큐브엔터,27850,27900,28600,25900,535935
2021.07.20,큐브엔터,27900,27500,28400,27450,172268
2021.07.19,큐브엔터,28100,27050,28500,26850,253755
2021.07.16,큐브엔터,27100,26300,27250,25800,123942
2021.07.15,큐브엔터,26450,26500,26650,26000,91745
2021.07.14,큐브엔터,26650,27150,27150,26300,90281
2021.07.13,큐브엔터,27000,27200,27500,26950,105335
2021.07.12,큐브엔터,27150,26600,27650,26600,139056
2021.07.09,큐브엔터,27050,27150,27300,25400,308518
2021.07.08,큐브엔터,27450,28750,29000,25600,958466
2021.07.07,큐브엔터,28600,26200,28800,25700,766071
2021.07.06,큐브엔터,26400,25200,26600,24100,417458
2021.07.05,큐브엔터,24900,23250,24900,22950,391652
2021.07.02,큐브엔터,22700,23700,25800,22600,676723
2021.07.01,큐브엔터,4625,0,0,0,0
2021.06.30,큐브엔터,4625,0,0,0,0
2021.06.29,큐브엔터,4625,0,0,0,0
2021.06.28,큐브엔터,4625,0,0,0,0
2021.06.25,큐브엔터,4625,0,0,0,0
2021.06.24,큐브엔터,4625,0,0,0,0
2021.06.23,큐브엔터,4625,0,0,0,0
2021.06.22,큐브엔터,4625,0,0,0,0
2021.06.21,큐브엔터,4625,0,0,0,0
2021.06.18,큐브엔터,4625,0,0,0,0
2021.06.17,큐브엔터,4625,0,0,0,0
2021.06.16,큐브엔터,4625,0,0,0,0
2021.06.15,큐브엔터,4625,0,0,0,0
2021.06.14,큐브엔터,4625,0,0,0,0
2021.06.11,큐브엔터,4625,4235,4950,4235,9141389
2021.06.10,큐브엔터,4285,4515,4610,4185,1761494
2021.06.09,큐브엔터,4475,4435,4515,4395,528210
2021.06.08,큐브엔터,4435,4425,4460,4340,360131
2021.06.07,큐브엔터,4425,4450,4470,4380,406951
2021.06.04,큐브엔터,4445,4440,4510,4380,524791
2021.06.03,큐브엔터,4425,4430,4475,4380,491577
2021.06.02,큐브엔터,4420,4405,4540,4340,985115
2021.06.01,큐브엔터,4405,4420,4450,4355,410239
2021.05.31,큐브엔터,4435,4450,4480,4370,430377
2021.05.28,큐브엔터,4395,4460,4465,4310,386239
2021.05.27,큐브엔터,4395,4400,4465,4325,736694
2021.05.26,큐브엔터,4350,4330,4425,4290,435637
2021.05.25,큐브엔터,4325,4070,4355,4055,735753
2021.05.24,큐브엔터,4050,4135,4175,4020,309858
2021.05.21,큐브엔터,4150,4200,4275,4140,355983
2021.05.20,큐브엔터,4245,4280,4290,4200,313488
2021.05.18,큐브엔터,4300,4200,4360,4160,441087
2021.05.17,큐브엔터,4255,4370,4370,4205,521367
2021.05.14,큐브엔터,4310,4130,4350,4130,1222633
2021.05.13,큐브엔터,4150,4170,4180,4070,500493
2021.05.12,큐브엔터,4200,4150,4300,4075,731352
2021.05.11,큐브엔터,4240,4400,4485,4230,1267820
2021.05.10,큐브엔터,4350,4285,4440,4275,2285924
2021.05.07,큐브엔터,4260,4310,4725,4200,10273277
2021.05.06,큐브엔터,4125,4125,4145,4070,377658
2021.05.04,큐브엔터,4125,3895,4165,3860,1559747
2021.05.03,큐브엔터,3895,3925,3965,3825,435693
2021.04.30,큐브엔터,3925,3880,3970,3840,276302
2021.04.29,큐브엔터,3870,3925,3925,3800,379046
2021.04.28,큐브엔터,3900,3960,4045,3770,675687
2021.04.27,큐브엔터,3965,4000,4055,3965,300885
2021.04.26,큐브엔터,4020,4090,4095,3975,466707
2021.04.23,큐브엔터,4050,4050,4145,4035,350802
2021.04.22,큐브엔터,4085,4100,4210,4050,892963
2021.04.21,큐브엔터,4130,4130,4150,4015,1061600
2021.04.20,큐브엔터,4140,4310,4565,4075,3299453
2021.04.19,큐브엔터,4315,4315,4385,4165,2825443
2021.04.16,큐브엔터,4220,4000,4380,4000,12470698
2021.04.15,큐브엔터,4000,3930,4025,3900,482833
2021.04.14,큐브엔터,3955,3925,3995,3890,446447
2021.04.13,큐브엔터,3960,3995,3995,3880,510384
2021.04.12,큐브엔터,3995,3785,4000,3785,1020196
2021.04.09,큐브엔터,3820,3795,3840,3695,571597
2021.04.08,큐브엔터,3800,3860,3890,3500,750050
2021.04.07,큐브엔터,3870,3945,3945,3855,381193
2021.04.06,큐브엔터,3910,3790,3940,3790,633568
2021.04.05,큐브엔터,3830,3950,3970,3820,728629
2021.04.02,큐브엔터,3950,3935,3990,3900,614404
2021.04.01,큐브엔터,3935,3870,4095,3765,2766411
2021.03.31,큐브엔터,3905,4055,4075,3850,2828881
2021.03.30,큐브엔터,4030,3820,4695,3785,34953037
2021.03.29,큐브엔터,3855,3910,3915,3770,329165
2021.03.26,큐브엔터,3915,3955,4020,3810,500313
2021.03.25,큐브엔터,3975,4005,4010,3930,507214
2021.03.24,큐브엔터,4005,3950,4010,3805,1270304
2021.03.23,큐브엔터,3950,3850,3985,3685,906235
2021.03.22,큐브엔터,3815,3885,3900,3735,485853
2021.03.19,큐브엔터,3860,3780,3865,3720,310361
2021.03.18,큐브엔터,3785,3800,3930,3715,492329
2021.03.17,큐브엔터,3780,3800,3870,3700,556699
2021.03.16,큐브엔터,3805,3700,3805,3680,538204
2021.03.15,큐브엔터,3720,3635,3835,3625,1422532
2021.03.12,큐브엔터,3595,3500,3610,3490,546370
2021.03.11,큐브엔터,3490,3380,3500,3380,378056
2021.03.10,큐브엔터,3380,3340,3410,3330,306495
2021.03.09,큐브엔터,3340,3285,3345,3215,213968
2021.03.08,큐브엔터,3325,3250,3380,3245,283024
2021.03.05,큐브엔터,3245,3210,3250,3175,132904
2021.03.04,큐브엔터,3210,3205,3235,3200,119063
2021.03.03,큐브엔터,3225,3200,3235,3165,169935
2021.03.02,큐브엔터,3190,3190,3270,3155,144959
2021.02.26,큐브엔터,3170,3240,3310,3150,186997
2021.02.25,큐브엔터,3270,3265,3285,3225,190798
2021.02.24,큐브엔터,3285,3290,3330,3175,358157
2021.02.23,큐브엔터,3275,3260,3280,3185,311971
2021.02.22,큐브엔터,3310,3285,3400,3260,1217913
2021.02.19,큐브엔터,3520,3505,3530,3390,188526
2021.02.18,큐브엔터,3505,3525,3565,3495,124157
2021.02.17,큐브엔터,3550,3480,3555,3460,177316
2021.02.16,큐브엔터,3530,3565,3565,3465,216140
2021.02.15,큐브엔터,3510,3415,3515,3405,217575
2021.02.10,큐브엔터,3390,3400,3415,3350,102669
2021.02.09,큐브엔터,3355,3395,3470,3355,114683
2021.02.08,큐브엔터,3410,3495,3495,3370,104356
2021.02.05,큐브엔터,3465,3465,3525,3430,149465
2021.02.04,큐브엔터,3450,3490,3515,3415,144801
2021.02.03,큐브엔터,3470,3470,3530,3455,111992
2021.02.02,큐브엔터,3465,3440,3570,3430,194127
2021.02.01,큐브엔터,3405,3330,3430,3260,212193
2021.01.29,큐브엔터,3330,3410,3450,3275,369659
2021.01.28,큐브엔터,3395,3465,3475,3370,268105
2021.01.27,큐브엔터,3500,3600,3685,3485,240926
2021.01.26,큐브엔터,3580,3730,3755,3570,278010
2021.01.25,큐브엔터,3730,3745,3815,3670,527326
2021.01.22,큐브엔터,3695,3635,3775,3585,517383
2021.01.21,큐브엔터,3635,3645,3650,3545,311283
2021.01.20,큐브엔터,3620,3430,3775,3385,1398363
2021.01.19,큐브엔터,3405,3305,3425,3305,204645
2021.01.18,큐브엔터,3345,3525,3525,3280,352822
2021.01.15,큐브엔터,3525,3600,3640,3525,222531
2021.01.14,큐브엔터,3600,3610,3790,3510,765777
2021.01.13,큐브엔터,3610,3550,3660,3535,405719
2021.01.12,큐브엔터,3560,3715,3780,3540,698757
2021.01.11,큐브엔터,3755,3790,3825,3620,471137
2021.01.08,큐브엔터,3760,3745,3825,3645,450622
2021.01.07,큐브엔터,3740,3800,3860,3590,1216021
2021.01.06,큐브엔터,3775,4120,4200,3730,1931225
2021.01.05,큐브엔터,4095,3895,4250,3700,1857892
2021.01.04,큐브엔터,3900,3875,4090,3810,1066979
2020.12.30,큐브엔터,3815,3700,4080,3660,2674616
2020.12.29,큐브엔터,3695,3175,3800,3170,2581145
2020.12.28,큐브엔터,3175,3180,3255,3150,251194
2020.12.24,큐브엔터,3175,3150,3205,3145,113975
2020.12.23,큐브엔터,3190,3295,3305,3085,370746
2020.12.22,큐브엔터,3300,3275,3385,3245,348928
2020.12.21,큐브엔터,3340,3390,3390,3330,115230
2020.12.18,큐브엔터,3400,3375,3430,3360,135296
2020.12.17,큐브엔터,3360,3340,3390,3300,139482
2020.12.16,큐브엔터,3335,3350,3390,3305,247194
2020.12.15,큐브엔터,3375,3400,3430,3355,138127
2020.12.14,큐브엔터,3430,3455,3480,3395,118892
2020.12.11,큐브엔터,3450,3385,3465,3385,142707
2020.12.10,큐브엔터,3395,3455,3455,3395,136309
2020.12.09,큐브엔터,3435,3380,3450,3380,191442
2020.12.08,큐브엔터,3380,3420,3470,3370,227384
2020.12.07,큐브엔터,3450,3580,3580,3450,235299
2020.12.04,큐브엔터,3580,3650,3655,3550,213273
2020.12.03,큐브엔터,3630,3550,3680,3500,428975
2020.12.02,큐브엔터,3500,3580,3580,3465,287691
2020.12.01,큐브엔터,3565,3530,3595,3530,170191
2020.11.30,큐브엔터,3550,3655,3700,3515,421425
2020.11.27,큐브엔터,3655,3685,3700,3640,189841
2020.11.26,큐브엔터,3680,3720,3750,3680,168988
2020.11.25,큐브엔터,3725,3795,3835,3690,308321
2020.11.24,큐브엔터,3795,3795,3800,3735,129292
2020.11.23,큐브엔터,3775,3770,3865,3735,249278
2020.11.20,큐브엔터,3765,3705,3765,3650,201183
2020.11.19,큐브엔터,3700,3720,3730,3665,175170
2020.11.18,큐브엔터,3720,3710,3750,3655,173995
2020.11.17,큐브엔터,3695,3805,3815,3695,249556
2020.11.16,큐브엔터,3780,3790,3820,3750,336719
2020.11.13,큐브엔터,3825,3860,3865,3790,166354
2020.11.12,큐브엔터,3860,3865,3915,3845,224263
2020.11.11,큐브엔터,3855,3840,3870,3815,172283
2020.11.10,큐브엔터,3845,3860,3885,3815,198190
2020.11.09,큐브엔터,3805,3800,3840,3785,131081
2020.11.06,큐브엔터,3775,3900,3900,3750,211769
2020.11.05,큐브엔터,3880,3825,3945,3810,583945
2020.11.04,큐브엔터,3805,3795,3830,3755,120464
2020.11.03,큐브엔터,3775,3815,3860,3745,186754
2020.11.02,큐브엔터,3815,3885,3910,3800,184586
2020.10.30,큐브엔터,3885,3915,3955,3850,194381
2020.10.29,큐브엔터,3945,3725,3980,3690,147326
2020.10.28,큐브엔터,3780,3705,3820,3700,71249
2020.10.27,큐브엔터,3755,3675,3825,3640,142727
2020.10.26,큐브엔터,3745,3830,3870,3680,289590
2020.10.23,큐브엔터,3850,3895,3925,3825,108446
2020.10.22,큐브엔터,3890,3900,3950,3860,130081
2020.10.21,큐브엔터,3930,3940,3960,3900,122878
2020.10.20,큐브엔터,3930,3880,3990,3775,260018
2020.10.19,큐브엔터,3910,3950,4005,3840,219431
2020.10.16,큐브엔터,3945,3995,4055,3925,274477
2020.10.15,큐브엔터,4020,4225,4225,3980,422016
2020.10.14,큐브엔터,4190,4300,4335,4175,343882
2020.10.13,큐브엔터,4295,4205,4370,4155,696060
2020.10.12,큐브엔터,4165,4260,4260,4135,186022
2020.10.08,큐브엔터,4215,4275,4280,4185,253180
2020.10.07,큐브엔터,4270,4120,4270,4085,239869
2020.10.06,큐브엔터,4130,4175,4245,4000,513206
2020.10.05,큐브엔터,4200,4265,4320,4160,363565
2020.09.29,큐브엔터,4300,4275,4325,4200,570617
2020.09.28,큐브엔터,4305,4000,4460,4000,2415570
2020.09.25,큐브엔터,3980,3970,4150,3910,482344
2020.09.24,큐브엔터,3910,3970,4065,3880,317357
2020.09.23,큐브엔터,4065,3925,4065,3700,428574
2020.09.22,큐브엔터,3855,4000,4050,3850,471579
2020.09.21,큐브엔터,4000,4200,4230,4000,411193
2020.09.18,큐브엔터,4200,4165,4240,4060,352116
2020.09.17,큐브엔터,4190,4340,4350,4190,368598
2020.09.16,큐브엔터,4315,4410,4440,4315,375335
2020.09.15,큐브엔터,4400,4390,4450,4385,323180
2020.09.14,큐브엔터,4410,4470,4470,4395,337990
2020.09.11,큐브엔터,4410,4420,4495,4380,382525
2020.09.10,큐브엔터,4425,4420,4555,4395,583186
2020.09.09,큐브엔터,4385,4445,4495,4375,647970
2020.09.08,큐브엔터,4560,4450,4675,4445,1605982
2020.09.07,큐브엔터,4450,4520,4520,4425,576649
2020.09.04,큐브엔터,4475,4200,4475,4160,976890
2020.09.03,큐브엔터,4445,4580,4580,4415,1094862
2020.09.02,큐브엔터,4575,4640,4730,4430,2108831
2020.09.01,큐브엔터,4625,5630,5840,4610,12186724
2020.08.31,큐브엔터,5210,5120,5350,5000,3985153
2020.08.28,큐브엔터,5150,4950,5260,4925,2618446
2020.08.27,큐브엔터,4900,4880,4990,4735,1423095
2020.08.26,큐브엔터,4910,4680,4940,4610,1883468
2020.08.25,큐브엔터,4670,4600,4725,4570,1034281
2020.08.24,큐브엔터,4635,4390,4640,4190,2118952
2020.08.21,큐브엔터,4285,4000,4285,3900,559068
2020.08.20,큐브엔터,4000,4260,4260,3830,958809
2020.08.19,큐브엔터,4230,4100,4330,4100,681224
2020.08.18,큐브엔터,4140,4480,4800,4100,940270
2020.08.14,큐브엔터,4480,4645,4690,4435,664197
2020.08.13,큐브엔터,4600,4505,4825,4505,2528914
2020.08.12,큐브엔터,4465,4585,4585,4360,576223
2020.08.11,큐브엔터,4585,4615,4645,4530,461624
2020.08.10,큐브엔터,4610,4675,4745,4600,412467
2020.08.07,큐브엔터,4675,4785,4785,4665,565496
2020.08.06,큐브엔터,4795,4565,4795,4565,1123144
2020.08.05,큐브엔터,4595,4700,4735,4590,991826
2020.08.04,큐브엔터,4705,4680,4745,4455,1470236
2020.08.03,큐브엔터,4685,4810,4825,4585,1167673
2020.07.31,큐브엔터,4765,4745,4970,4705,1370168
2020.07.30,큐브엔터,4735,4765,4980,4635,2270486
2020.07.29,큐브엔터,4765,4530,4765,4385,1607666
2020.07.28,큐브엔터,4530,4695,4750,4480,1994127
2020.07.27,큐브엔터,4700,4400,4715,4370,4014987
2020.07.24,큐브엔터,4335,4340,4400,4195,570440
2020.07.23,큐브엔터,4460,4435,4590,4370,844313
2020.07.22,큐브엔터,4480,4455,4505,4360,564301
2020.07.21,큐브엔터,4495,4450,4550,4340,1064221
2020.07.20,큐브엔터,4440,4520,4560,4420,1621272
2020.07.17,큐브엔터,4465,4220,4470,4195,1554859
2020.07.16,큐브엔터,4185,4140,4325,4140,461617
2020.07.15,큐브엔터,4135,4290,4335,4135,638623
2020.07.14,큐브엔터,4290,4290,4340,4220,446712
2020.07.13,큐브엔터,4290,4315,4430,4185,971485
2020.07.10,큐브엔터,4310,4450,4495,4225,1000324
2020.07.09,큐브엔터,4500,4580,4635,4455,1905193
2020.07.08,큐브엔터,4560,4325,4600,4220,4346519
2020.07.07,큐브엔터,4350,4105,4395,3940,2543538
2020.07.06,큐브엔터,4080,4070,4165,4040,711859
2020.07.03,큐브엔터,4065,3940,4165,3875,1764752
2020.07.02,큐브엔터,3950,3740,4110,3735,1276981
2020.07.01,큐브엔터,3765,3990,4005,3730,773395
2020.06.30,큐브엔터,3960,3735,4300,3715,4431891
2020.06.29,큐브엔터,3715,3680,3850,3680,226258
2020.06.26,큐브엔터,3760,3755,3835,3650,248334
2020.06.25,큐브엔터,3755,3810,3845,3730,230866
2020.06.24,큐브엔터,3825,3885,3960,3825,429484
2020.06.23,큐브엔터,3800,3840,3900,3700,364888
2020.06.22,큐브엔터,3760,3835,3840,3700,280377
2020.06.19,큐브엔터,3835,3835,3895,3755,388991
2020.06.18,큐브엔터,3865,4110,4110,3860,590872
2020.06.17,큐브엔터,4070,3825,4095,3795,716020
2020.06.16,큐브엔터,3950,3750,3950,3660,685755
2020.06.15,큐브엔터,3680,4030,4125,3600,722329
2020.06.12,큐브엔터,4060,3885,4090,3800,890946
2020.06.11,큐브엔터,4185,4280,4300,4165,609503
2020.06.10,큐브엔터,4275,4255,4295,4160,725423
2020.06.09,큐브엔터,4250,4250,4330,4165,893656
2020.06.08,큐브엔터,4225,4210,4280,4130,635897
2020.06.05,큐브엔터,4220,4130,4375,4125,2976764
2020.06.04,큐브엔터,4140,4140,4185,4055,1501130
2020.06.03,큐브엔터,4160,4500,4560,4135,4899229
2020.06.02,큐브엔터,4470,4110,5190,4110,45216288
2020.06.01,큐브엔터,4115,4035,4145,3950,1342959
2020.05.29,큐브엔터,4055,3835,4180,3665,3112576
2020.05.28,큐브엔터,4015,3615,4015,3535,3852307
2020.05.27,큐브엔터,3610,3480,4000,3430,6162196
2020.05.26,큐브엔터,3440,3400,3465,3335,257158
2020.05.25,큐브엔터,3360,3315,3410,3270,178932
2020.05.22,큐브엔터,3315,3420,3440,3290,359501
2020.05.21,큐브엔터,3420,3500,3500,3370,385138
2020.05.20,큐브엔터,3465,3520,3535,3450,300319
2020.05.19,큐브엔터,3520,3540,3610,3500,765391
2020.05.18,큐브엔터,3500,3465,3555,3370,540341
2020.05.15,큐브엔터,3500,3290,3800,3205,2716994
2020.05.14,큐브엔터,3340,3360,3480,3270,489154
2020.05.13,큐브엔터,3370,3310,3405,3250,303024
2020.05.12,큐브엔터,3350,3525,3555,3250,581070
2020.05.11,큐브엔터,3525,3595,3595,3495,345532
2020.05.08,큐브엔터,3580,3615,3620,3545,633145
2020.05.07,큐브엔터,3610,3530,3655,3495,695098
2020.05.06,큐브엔터,3555,3585,3630,3440,482590
2020.05.04,큐브엔터,3555,3630,3675,3550,495163
2020.04.29,큐브엔터,3715,3730,3835,3610,1037630
2020.04.28,큐브엔터,3780,3430,3885,3400,2164471
2020.04.27,큐브엔터,3430,3410,3460,3390,314319
2020.04.24,큐브엔터,3415,3575,3575,3390,569549
2020.04.23,큐브엔터,3605,3615,3670,3575,380730
2020.04.22,큐브엔터,3615,3595,3670,3410,507484
2020.04.21,큐브엔터,3610,3545,3680,3200,938520
2020.04.20,큐브엔터,3595,3560,3690,3480,1377097
2020.04.17,큐브엔터,3400,3380,3400,3300,553056
2020.04.16,큐브엔터,3340,3300,3360,3165,394876
2020.04.14,큐브엔터,3295,3250,3330,3225,338115
2020.04.13,큐브엔터,3220,3360,3445,3195,1776710
2020.04.10,큐브엔터,3235,3035,3260,2870,911009
2020.04.09,큐브엔터,3015,3190,3210,2990,311574
2020.04.08,큐브엔터,3075,3095,3210,2955,640304
2020.04.07,큐브엔터,3085,3155,3200,2975,948233
2020.04.06,큐브엔터,3135,2715,3285,2710,1840857
2020.04.03,큐브엔터,2800,2760,2805,2590,714917
2020.04.02,큐브엔터,2600,2510,2660,2480,425686
2020.04.01,큐브엔터,2535,2450,2600,2415,873235
2020.03.31,큐브엔터,2440,2380,2450,2345,537540
2020.03.30,큐브엔터,2265,2150,2335,1990,267651
2020.03.27,큐브엔터,2240,2350,2400,2150,763981
2020.03.26,큐브엔터,2240,2340,2430,2110,1052289
2020.03.25,큐브엔터,2135,1890,2180,1890,868910
2020.03.24,큐브엔터,1830,1545,1845,1545,470531
2020.03.23,큐브엔터,1520,1470,1605,1410,284885
2020.03.20,큐브엔터,1630,1455,1630,1455,962037
2020.03.19,큐브엔터,1450,1850,1955,1360,1010239
2020.03.18,큐브엔터,1830,1985,2065,1825,291087
2020.03.17,큐브엔터,1995,1700,2065,1700,415193
2020.03.16,큐브엔터,1960,2020,2175,1960,406279
2020.03.13,큐브엔터,2040,2100,2100,1805,1023236
2020.03.12,큐브엔터,2205,2290,2380,2150,525540
2020.03.11,큐브엔터,2380,2600,2600,2330,761021
2020.03.10,큐브엔터,2610,2475,2615,2430,388894
2020.03.09,큐브엔터,2555,2650,2670,2490,382174
2020.03.06,큐브엔터,2740,2800,2815,2680,353225
2020.03.05,큐브엔터,2820,2740,2850,2695,477493
2020.03.04,큐브엔터,2695,2550,2730,2510,474740
2020.03.03,큐브엔터,2560,2555,2675,2540,619895
2020.03.02,큐브엔터,2515,2490,2550,2425,595336
2020.02.28,큐브엔터,2460,2590,2630,2425,999402
2020.02.27,큐브엔터,2655,2850,2920,2620,1192699
2020.02.26,큐브엔터,2925,2840,3120,2785,1983292
2020.02.25,큐브엔터,2920,3100,3170,2795,1887004
2020.02.24,큐브엔터,3200,3605,3675,3130,4904033
2020.02.21,큐브엔터,4470,4025,4470,3975,2934739
2020.02.20,큐브엔터,4020,3840,4190,3815,743740
2020.02.19,큐브엔터,3835,3930,4000,3805,287471
2020.02.18,큐브엔터,3950,3955,4055,3905,310808
2020.02.17,큐브엔터,3990,3955,3990,3905,261343
2020.02.14,큐브엔터,3960,3930,3970,3800,238660
2020.02.13,큐브엔터,3880,3860,4025,3805,377952
2020.02.12,큐브엔터,3860,3850,3880,3600,283724
2020.02.11,큐브엔터,3850,3910,3910,3845,140112
2020.02.10,큐브엔터,3875,3820,3900,3755,186499
2020.02.07,큐브엔터,3830,3740,3990,3655,740782
2020.02.06,큐브엔터,3715,3570,3825,3570,550571
2020.02.05,큐브엔터,3570,3695,3695,3545,221564
2020.02.04,큐브엔터,3625,3530,3640,3525,187467
2020.02.03,큐브엔터,3540,3230,3570,3230,263117
2020.01.31,큐브엔터,3435,3415,3545,3365,362813
2020.01.30,큐브엔터,3460,3565,3640,3390,288756
2020.01.29,큐브엔터,3585,3530,3695,3450,380049
2020.01.28,큐브엔터,3530,3735,3785,3430,836966
2020.01.23,큐브엔터,3945,3940,3945,3845,288424
2020.01.22,큐브엔터,3940,3960,3965,3855,185803
2020.01.21,큐브엔터,3970,3975,3975,3850,301940
2020.01.20,큐브엔터,4010,4100,4170,3950,431641
2020.01.17,큐브엔터,4115,4300,4300,3960,578545
2020.01.16,큐브엔터,4290,4275,4320,4220,205434
2020.01.15,큐브엔터,4260,4350,4400,4205,278302
2020.01.14,큐브엔터,4335,4400,4420,4300,339882
2020.01.13,큐브엔터,4350,4220,4455,4190,1542245
2020.01.10,큐브엔터,4230,4150,4250,4120,505358
2020.01.09,큐브엔터,4175,3950,4230,3900,763457
2020.01.08,큐브엔터,3860,3980,3985,3770,661195
2020.01.07,큐브엔터,4025,4050,4135,3985,253729
2020.01.06,큐브엔터,4050,3930,4085,3885,423981
2020.01.03,큐브엔터,4030,4200,4205,3975,445629
2020.01.02,큐브엔터,4180,4150,4200,4075,233380
2019.12.30,큐브엔터,4110,4135,4170,4085,309295
2019.12.27,큐브엔터,4135,4055,4140,3985,321648
2019.12.26,큐브엔터,4020,3865,4060,3865,482224
2019.12.24,큐브엔터,3875,3805,3980,3710,675139
2019.12.23,큐브엔터,3860,3970,4000,3770,646772
2019.12.20,큐브엔터,3970,4010,4070,3920,444333
2019.12.19,큐브엔터,3980,4155,4155,3980,535496
2019.12.18,큐브엔터,4145,4155,4220,4100,309451
2019.12.17,큐브엔터,4155,4205,4285,4150,529090
2019.12.16,큐브엔터,4185,4160,4185,4050,335577
2019.12.13,큐브엔터,4150,4220,4260,4095,490186
2019.12.12,큐브엔터,4120,4030,4220,4030,444199
2019.12.11,큐브엔터,4085,4110,4305,4035,963728
2019.12.10,큐브엔터,4090,4530,4580,3995,1752875
2019.12.09,큐브엔터,4530,5220,5220,4530,1832552
2019.12.06,큐브엔터,5030,5030,5190,4915,1521425
2019.12.05,큐브엔터,5150,4760,5150,4720,2449363
2019.12.04,큐브엔터,4825,4840,4920,4710,753145
2019.12.03,큐브엔터,4950,4685,4950,4530,1031275
2019.12.02,큐브엔터,4680,4570,4920,4535,1951345
2019.11.29,큐브엔터,4560,4590,4860,4415,1300138
2019.11.28,큐브엔터,4530,4720,4770,4500,784812
2019.11.27,큐브엔터,4805,4635,4940,4580,2199684
2019.11.26,큐브엔터,4620,4940,4940,4580,1756591
2019.11.25,큐브엔터,4905,5290,5340,4905,2043016
2019.11.22,큐브엔터,5420,5300,5680,5080,8541918
2019.11.21,큐브엔터,4990,4690,5040,4660,5356707
2019.11.20,큐브엔터,4740,4530,5230,4450,9315941
2019.11.19,큐브엔터,4490,4485,4890,4380,5296709
2019.11.18,큐브엔터,4450,4355,4945,4310,7024740
2019.11.15,큐브엔터,4400,4400,4520,4255,2758442
2019.11.14,큐브엔터,4450,4825,4980,4350,3952445
2019.11.13,큐브엔터,4730,4840,5530,4600,9690674
2019.11.12,큐브엔터,4820,5210,6050,4685,25606913
2019.11.11,큐브엔터,5080,4500,5080,4435,9582679
2019.11.08,큐브엔터,3915,3060,3915,3060,14240948
2019.11.07,큐브엔터,3015,2840,3150,2835,1998935
2019.11.06,큐브엔터,2840,2855,2900,2800,372215
2019.11.05,큐브엔터,2855,2785,2870,2710,748073
2019.11.04,큐브엔터,2780,2690,2780,2600,636176
2019.11.01,큐브엔터,2600,2635,2670,2575,344316
2019.10.31,큐브엔터,2645,2685,2755,2610,366210
2019.10.30,큐브엔터,2690,2685,2820,2650,474538
2019.10.29,큐브엔터,2695,2650,2780,2650,609913
2019.10.28,큐브엔터,2645,2530,2735,2530,627731
2019.10.25,큐브엔터,2520,2625,2660,2520,279690
2019.10.24,큐브엔터,2595,2635,2650,2590,229521
2019.10.23,큐브엔터,2645,2625,2675,2580,300135
2019.10.22,큐브엔터,2625,2640,2750,2610,507007
2019.10.21,큐브엔터,2655,2550,2715,2495,982015
2019.10.18,큐브엔터,2510,2540,2545,2475,193619
2019.10.17,큐브엔터,2530,2570,2580,2525,115231
2019.10.16,큐브엔터,2570,2580,2615,2495,344137
2019.10.15,큐브엔터,2585,2485,2610,2480,651892
2019.10.14,큐브엔터,2495,2430,2525,2395,286404
2019.10.11,큐브엔터,2415,2355,2435,2355,194179
2019.10.10,큐브엔터,2340,2400,2400,2335,113433
2019.10.08,큐브엔터,2400,2355,2400,2340,126717
2019.10.07,큐브엔터,2400,2435,2455,2370,141471
2019.10.04,큐브엔터,2435,2445,2445,2405,122745
2019.10.02,큐브엔터,2450,2475,2485,2420,219537
2019.10.01,큐브엔터,2480,2380,2485,2355,325624
2019.09.30,큐브엔터,2390,2395,2460,2365,151743
2019.09.27,큐브엔터,2425,2440,2445,2400,148190
2019.09.26,큐브엔터,2460,2455,2520,2425,184262
2019.09.25,큐브엔터,2440,2530,2535,2400,357492
2019.09.24,큐브엔터,2530,2530,2560,2480,240285
2019.09.23,큐브엔터,2530,2505,2565,2470,335982
2019.09.20,큐브엔터,2520,2525,2560,2500,328647
2019.09.19,큐브엔터,2535,2590,2600,2515,654561
2019.09.18,큐브엔터,2610,2430,2660,2415,1589371
2019.09.17,큐브엔터,2425,2440,2455,2370,265545
2019.09.16,큐브엔터,2440,2320,2470,2310,626073
2019.09.11,큐브엔터,2320,2245,2330,2240,493791
2019.09.10,큐브엔터,2245,2180,2250,2180,358564
2019.09.09,큐브엔터,2175,2210,2225,2165,253465
2019.09.06,큐브엔터,2210,2260,2265,2190,200700
2019.09.05,큐브엔터,2250,2210,2275,2185,274629
2019.09.04,큐브엔터,2200,2245,2260,2160,425668
2019.09.03,큐브엔터,2255,2115,2315,2115,832722
2019.09.02,큐브엔터,2135,2140,2155,2100,151629
2019.08.30,큐브엔터,2135,2100,2165,2100,206374
2019.08.29,큐브엔터,2080,2190,2190,2070,224751
2019.08.28,큐브엔터,2160,2090,2180,2080,189936
2019.08.27,큐브엔터,2075,2100,2130,2065,133849
2019.08.26,큐브엔터,2065,2140,2195,2060,275404
2019.08.23,큐브엔터,2190,2220,2250,2155,179806
2019.08.22,큐브엔터,2235,2270,2270,2220,151098
2019.08.21,큐브엔터,2255,2190,2295,2185,370565
2019.08.20,큐브엔터,2185,2150,2205,2145,174439
2019.08.19,큐브엔터,2150,2145,2195,2145,104076
2019.08.16,큐브엔터,2145,2165,2200,2135,123956
2019.08.14,큐브엔터,2195,2220,2260,2175,154224
2019.08.13,큐브엔터,2200,2195,2225,2180,128868
2019.08.12,큐브엔터,2200,2225,2245,2190,150285
2019.08.09,큐브엔터,2225,2245,2280,2210,268035
2019.08.08,큐브엔터,2205,2115,2245,2115,266864
2019.08.07,큐브엔터,2110,2055,2170,2055,329215
2019.08.06,큐브엔터,2100,2030,2260,2000,404390
2019.08.05,큐브엔터,2130,2280,2280,2075,502804
2019.08.02,큐브엔터,2285,2260,2340,2210,321875
2019.08.01,큐브엔터,2320,2395,2480,2300,423107
2019.07.31,큐브엔터,2395,2400,2445,2330,250817
2019.07.30,큐브엔터,2405,2310,2460,2310,338127
2019.07.29,큐브엔터,2370,2395,2490,2340,462063
2019.07.26,큐브엔터,2430,2405,2460,2350,217826
2019.07.25,큐브엔터,2420,2430,2465,2300,721479
2019.07.24,큐브엔터,2450,2455,2640,2450,1209294
2019.07.23,큐브엔터,2465,2690,2710,2390,2109535
2019.07.22,큐브엔터,2710,2750,2880,2690,2168063
2019.07.19,큐브엔터,3115,3030,3145,3010,162220
2019.07.18,큐브엔터,3030,3190,3230,3010,252216
2019.07.17,큐브엔터,3195,3220,3220,3100,119457
2019.07.16,큐브엔터,3220,3185,3295,3160,112931
2019.07.15,큐브엔터,3205,3335,3340,3140,162553
2019.07.12,큐브엔터,3305,3400,3430,3250,106250
2019.07.11,큐브엔터,3375,3265,3375,3220,119026
2019.07.10,큐브엔터,3245,3175,3280,3165,174186
2019.07.09,큐브엔터,3170,3205,3280,3135,172240
2019.07.08,큐브엔터,3200,3400,3400,3185,280102
2019.07.05,큐브엔터,3420,3400,3450,3350,87622
2019.07.04,큐브엔터,3400,3450,3455,3345,109113
2019.07.03,큐브엔터,3450,3520,3540,3350,205388
2019.07.02,큐브엔터,3485,3375,3535,3330,237872
2019.07.01,큐브엔터,3300,3455,3540,3300,363062
2019.06.28,큐브엔터,3425,3760,3785,3330,873437
2019.06.27,큐브엔터,3750,3800,3930,3695,448537
2019.06.26,큐브엔터,3745,3780,3820,3695,255506
2019.06.25,큐브엔터,3725,3760,3850,3680,300159
2019.06.24,큐브엔터,3740,4000,4025,3675,478040
2019.06.21,큐브엔터,4000,3995,4025,3950,84150
2019.06.20,큐브엔터,3990,4045,4080,3980,121635
2019.06.19,큐브엔터,4055,3980,4115,3970,150236
2019.06.18,큐브엔터,3965,3900,4040,3900,104305
2019.06.17,큐브엔터,3890,4110,4140,3890,282692
2019.06.14,큐브엔터,4110,4190,4190,4000,281898
2019.06.13,큐브엔터,4190,4210,4245,4115,112985
2019.06.12,큐브엔터,4210,4270,4300,4145,107228
2019.06.11,큐브엔터,4270,4225,4310,4160,163958
2019.06.10,큐브엔터,4270,4290,4330,4035,145111
2019.06.07,큐브엔터,4290,4230,4350,4160,146143
2019.06.05,큐브엔터,4220,4025,4260,4025,223833
2019.06.04,큐브엔터,4020,3925,4070,3925,98184
2019.06.03,큐브엔터,3965,4055,4055,3920,137713
2019.05.31,큐브엔터,4075,3960,4110,3950,92003
2019.05.30,큐브엔터,3960,3865,4060,3865,145538
2019.05.29,큐브엔터,3930,4000,4045,3865,112509
2019.05.28,큐브엔터,4000,3950,4110,3930,128215
2019.05.27,큐브엔터,3950,3740,3975,3560,362015
2019.05.24,큐브엔터,3750,3910,3990,3745,370164
2019.05.23,큐브엔터,3920,4150,4220,3920,349691
2019.05.22,큐브엔터,4195,4200,4290,4140,237314
2019.05.21,큐브엔터,4285,4325,4325,4215,104462
2019.05.20,큐브엔터,4305,4330,4365,4215,152508
2019.05.17,큐브엔터,4330,4650,4650,4295,287857
2019.05.16,큐브엔터,4565,4625,4680,4400,378239
2019.05.15,큐브엔터,4570,4500,4650,4410,282236
2019.05.14,큐브엔터,4500,4200,4555,4190,409776
2019.05.13,큐브엔터,4305,4200,4360,4165,299398
2019.05.10,큐브엔터,4175,4040,4255,4040,287404
2019.05.09,큐브엔터,4105,4150,4165,3950,310401
2019.05.08,큐브엔터,4150,4175,4175,4060,350272
2019.05.07,큐브엔터,4210,4100,4215,4050,370871
2019.05.03,큐브엔터,4205,4170,4250,4115,215115
2019.05.02,큐브엔터,4170,4270,4275,4155,295017
2019.04.30,큐브엔터,4270,4195,4300,4140,326516
2019.04.29,큐브엔터,4195,4330,4350,4160,411171
2019.04.26,큐브엔터,4315,4475,4555,4255,508652
2019.04.25,큐브엔터,4480,4460,4585,4425,296443
2019.04.24,큐브엔터,4460,4500,4570,4390,333007
2019.04.23,큐브엔터,4520,4815,4815,4465,756393
2019.04.22,큐브엔터,4825,4755,4965,4630,505024
2019.04.19,큐브엔터,4770,5150,5210,4770,1100322
2019.04.18,큐브엔터,5180,5250,5320,5070,761665
2019.04.17,큐브엔터,5280,4650,5350,4595,2441673
2019.04.16,큐브엔터,4660,4520,4675,4480,476359
2019.04.15,큐브엔터,4520,4610,4610,4435,344190
2019.04.12,큐브엔터,4545,4420,4545,4245,911510
2019.04.11,큐브엔터,4390,4420,4440,4310,416479
2019.04.10,큐브엔터,4385,4535,4580,4305,703812
2019.04.09,큐브엔터,4580,4760,4770,4545,429012
2019.04.08,큐브엔터,4760,4680,4810,4610,284334
2019.04.05,큐브엔터,4685,4550,4810,4550,793420
2019.04.04,큐브엔터,4540,4650,4650,4470,530767
2019.04.03,큐브엔터,4655,4645,4690,4495,401312
2019.04.02,큐브엔터,4660,4835,4835,4500,831185
2019.04.01,큐브엔터,4840,5030,5040,4840,258286
2019.03.29,큐브엔터,4975,5010,5140,4770,366411
2019.03.28,큐브엔터,5030,5290,5290,5000,383548
2019.03.27,큐브엔터,5240,5380,5380,5130,533408
2019.03.26,큐브엔터,5240,5170,5340,5040,529251
2019.03.25,큐브엔터,5160,4900,5240,4845,878690
2019.03.22,큐브엔터,4960,4930,4965,4800,317219
2019.03.21,큐브엔터,4930,4825,5080,4700,391331
2019.03.20,큐브엔터,4830,4930,4965,4730,397568
2019.03.19,큐브엔터,4935,5050,5160,4850,513024
2019.03.18,큐브엔터,5050,4835,5100,4700,942296
2019.03.15,큐브엔터,4870,5230,5230,4850,699248
2019.03.14,큐브엔터,5250,5100,5290,5010,651327
2019.03.13,큐브엔터,5100,5110,5240,4975,780612
2019.03.12,큐브엔터,5170,5500,5550,5000,1192966
2019.03.11,큐브엔터,5540,5760,5800,5190,847757
2019.03.08,큐브엔터,5760,5810,5980,5460,699075
2019.03.07,큐브엔터,5880,5990,6120,5760,460466
2019.03.06,큐브엔터,6020,5810,6130,5770,654006
2019.03.05,큐브엔터,5880,5910,6000,5740,411017
2019.03.04,큐브엔터,6030,5950,6050,5810,471981
2019.02.28,큐브엔터,5700,5900,6080,5680,1096204
2019.02.27,큐브엔터,5860,5870,5910,5570,2204702
2019.02.26,큐브엔터,6090,6610,6630,5950,1143471
2019.02.25,큐브엔터,6570,6850,6860,6150,1498377
2019.02.22,큐브엔터,6640,6400,6700,6260,1010007
2019.02.21,큐브엔터,6490,6040,6490,6020,1102705
2019.02.20,큐브엔터,6110,5910,6200,5820,702267
2019.02.19,큐브엔터,6030,5830,6500,5700,1627344
2019.02.18,큐브엔터,5910,5380,5910,5350,1184284
2019.02.15,큐브엔터,5350,5280,5470,4985,789761
2019.02.14,큐브엔터,5280,5400,5420,5060,645309
2019.02.13,큐브엔터,5350,5460,5670,5230,847180
2019.02.12,큐브엔터,5450,5230,5660,5120,1191629
2019.02.11,큐브엔터,5300,4820,5740,4820,3545280
2019.02.08,큐브엔터,4820,4750,4970,4600,1010543
2019.02.07,큐브엔터,4825,4450,5040,4305,2091725
2019.02.01,큐브엔터,4395,4400,4450,4260,559762
2019.01.31,큐브엔터,4360,4105,4360,4090,727035
2019.01.30,큐브엔터,4100,4100,4225,4025,360734
2019.01.29,큐브엔터,4105,4100,4250,3970,560755
2019.01.28,큐브엔터,4050,4160,4215,4040,397572
2019.01.25,큐브엔터,4190,4190,4265,4070,406297
2019.01.24,큐브엔터,4190,4120,4270,3925,990335
2019.01.23,큐브엔터,4150,4980,5200,4130,3581077
2019.01.22,큐브엔터,4820,4395,4830,4340,1401600
2019.01.21,큐브엔터,4405,4400,4585,4320,973065
2019.01.18,큐브엔터,4400,4080,4485,3960,1432999
2019.01.17,큐브엔터,4080,4240,4240,4040,802133
2019.01.16,큐브엔터,4240,4210,4290,4000,1940542
2019.01.15,큐브엔터,4080,3465,4100,3400,3195174
2019.01.14,큐브엔터,3465,3565,3585,3410,365258
2019.01.11,큐브엔터,3600,3615,3655,3525,208793
2019.01.10,큐브엔터,3620,3660,3660,3515,162464
2019.01.09,큐브엔터,3610,3645,3685,3540,344712
2019.01.08,큐브엔터,3600,3640,3750,3520,554893
2019.01.07,큐브엔터,3675,3630,3700,3525,754041
2019.01.04,큐브엔터,3510,3340,3535,3275,646407
2019.01.03,큐브엔터,3315,3310,3435,3285,364564
2019.01.02,큐브엔터,3295,3355,3465,3270,331147
2018.12.28,큐브엔터,3300,3330,3330,3180,506584
2018.12.27,큐브엔터,3330,3435,3470,3315,272958
2018.12.26,큐브엔터,3355,3295,3360,3285,224250
2018.12.24,큐브엔터,3390,3440,3490,3335,335246
2018.12.21,큐브엔터,3440,3375,3555,3360,560236
2018.12.20,큐브엔터,3400,3420,3500,3305,182456
2018.12.19,큐브엔터,3440,3415,3450,3290,206697
2018.12.18,큐브엔터,3380,3470,3485,3355,207995
2018.12.17,큐브엔터,3495,3550,3585,3330,288606
2018.12.14,큐브엔터,3540,3540,3635,3500,337586
2018.12.13,큐브엔터,3540,3530,3680,3465,511953
2018.12.12,큐브엔터,3445,3440,3520,3360,403768
2018.12.11,큐브엔터,3375,3460,3470,3310,224824
2018.12.10,큐브엔터,3410,3300,3460,3230,376042
2018.12.07,큐브엔터,3445,3225,3490,3185,536616
2018.12.06,큐브엔터,3195,3420,3510,3180,439726
2018.12.05,큐브엔터,3410,3455,3485,3320,356058
2018.12.04,큐브엔터,3490,3505,3575,3450,445404
2018.12.03,큐브엔터,3500,3715,3715,3430,1136961
2018.11.30,큐브엔터,3700,3750,3795,3680,500731
2018.11.29,큐브엔터,3745,3780,3840,3670,862720
2018.11.28,큐브엔터,3770,3620,3815,3540,1489977
2018.11.27,큐브엔터,3585,3420,3585,3420,927782
2018.11.26,큐브엔터,3390,3445,3475,3320,901528
2018.11.23,큐브엔터,3280,3305,3425,3250,856371
2018.11.22,큐브엔터,3400,3490,3565,3380,559219
2018.11.21,큐브엔터,3490,3350,3535,3250,1510279
2018.11.20,큐브엔터,3410,3650,3680,3355,1632463
2018.11.19,큐브엔터,3810,3880,3900,3710,796022
2018.11.16,큐브엔터,3910,3840,3965,3735,1694734
2018.11.15,큐브엔터,3820,3615,3990,3520,4625826
2018.11.14,큐브엔터,3520,3070,3570,3050,2983719
2018.11.13,큐브엔터,3085,2905,3170,2770,925577
2018.11.12,큐브엔터,2955,3110,3375,2865,1855646
2018.11.09,큐브엔터,3005,2870,3025,2820,1526989
2018.11.08,큐브엔터,2755,2720,2835,2710,590202
2018.11.07,큐브엔터,2660,2550,2800,2550,904777
2018.11.06,큐브엔터,2525,2510,2585,2460,182527
2018.11.05,큐브엔터,2495,2565,2565,2450,162202
2018.11.02,큐브엔터,2500,2360,2530,2360,321252
2018.11.01,큐브엔터,2310,2300,2450,2230,348737
2018.10.31,큐브엔터,2215,2110,2215,2050,274994
2018.10.30,큐브엔터,2140,2050,2150,1850,773791
2018.10.29,큐브엔터,2055,2360,2450,2040,709601
2018.10.26,큐브엔터,2365,2550,2665,2295,443103
2018.10.25,큐브엔터,2540,2405,2605,2360,321385
2018.10.24,큐브엔터,2505,2715,2785,2495,506098
2018.10.23,큐브엔터,2700,2810,2830,2675,224756
2018.10.22,큐브엔터,2805,2715,2870,2705,223699
2018.10.19,큐브엔터,2740,2705,2740,2630,174338
2018.10.18,큐브엔터,2725,2775,2785,2650,206926
2018.10.17,큐브엔터,2760,2600,2790,2565,268622
2018.10.16,큐브엔터,2600,2480,2630,2480,214832
2018.10.15,큐브엔터,2495,2505,2575,2445,183087
2018.10.12,큐브엔터,2540,2515,2580,2490,232748
2018.10.11,큐브엔터,2575,2580,2675,2480,526165
2018.10.10,큐브엔터,2660,2640,2680,2545,253005
2018.10.08,큐브엔터,2630,2620,2700,2615,151070
2018.10.05,큐브엔터,2620,2640,2730,2545,254231
2018.10.04,큐브엔터,2680,2735,2815,2640,188379
2018.10.02,큐브엔터,2745,2830,2855,2700,282618
2018.10.01,큐브엔터,2800,2750,2905,2730,662118
2018.09.28,큐브엔터,2750,2690,2765,2635,329350
2018.09.27,큐브엔터,2690,2680,2720,2590,334374
2018.09.21,큐브엔터,2680,2660,2735,2630,231697
2018.09.20,큐브엔터,2650,2710,2780,2645,341475
2018.09.19,큐브엔터,2730,2755,2820,2695,496755
2018.09.18,큐브엔터,2725,2650,2795,2550,711237
2018.09.17,큐브엔터,2610,2660,2695,2545,644202
2018.09.14,큐브엔터,2650,2800,2845,2615,1348337
2018.09.13,큐브엔터,2775,2965,2990,2680,1490221
2018.09.12,큐브엔터,2970,3150,3170,2925,710828
2018.09.11,큐브엔터,3120,3235,3235,3075,540269
2018.09.10,큐브엔터,3240,3305,3335,3210,333956
2018.09.07,큐브엔터,3330,3200,3485,3200,908976
2018.09.06,큐브엔터,3215,3250,3260,3105,626872
2018.09.05,큐브엔터,3250,3050,3380,3020,1499251
2018.09.04,큐브엔터,3050,3040,3095,2980,217754
2018.09.03,큐브엔터,3040,2985,3100,2970,236576
2018.08.31,큐브엔터,3035,3000,3085,2905,543279
2018.08.30,큐브엔터,2965,2870,2965,2820,336044
2018.08.29,큐브엔터,2870,2880,2900,2805,198184
2018.08.28,큐브엔터,2875,2940,2960,2735,413647
2018.08.27,큐브엔터,2925,2940,2955,2810,425177
2018.08.24,큐브엔터,2960,2930,2995,2910,440865
2018.08.23,큐브엔터,2910,2910,3040,2870,791135
2018.08.22,큐브엔터,2850,2770,2890,2715,398967
2018.08.21,큐브엔터,2765,2780,2815,2700,449277
2018.08.20,큐브엔터,2855,2900,2905,2780,423691
2018.08.17,큐브엔터,2890,2820,2930,2800,656569
2018.08.16,큐브엔터,2820,2780,2855,2625,788376
2018.08.14,큐브엔터,2795,2635,2810,2620,1078882
2018.08.13,큐브엔터,2635,2620,2700,2490,359849
2018.08.10,큐브엔터,2605,2500,2620,2465,464139
2018.08.09,큐브엔터,2510,2405,2580,2390,641084
2018.08.08,큐브엔터,2400,2365,2435,2355,211046
2018.08.07,큐브엔터,2405,2425,2480,2370,310442
2018.08.06,큐브엔터,2415,2530,2535,2395,584992
2018.08.03,큐브엔터,2565,2605,2660,2480,476979
2018.08.02,큐브엔터,2670,2440,2815,2440,2152311
2018.08.01,큐브엔터,2440,2400,2465,2385,225216
2018.07.31,큐브엔터,2395,2465,2500,2380,207720
2018.07.30,큐브엔터,2495,2550,2580,2420,184414
2018.07.27,큐브엔터,2550,2495,2580,2495,241731
2018.07.26,큐브엔터,2475,2455,2475,2355,277145
2018.07.25,큐브엔터,2415,2575,2590,2400,321335
2018.07.24,큐브엔터,2545,2580,2650,2530,287337
2018.07.23,큐브엔터,2560,2735,2745,2525,443921
2018.07.20,큐브엔터,2780,2710,2835,2690,193696
2018.07.19,큐브엔터,2765,3050,3050,2630,766937
2018.07.18,큐브엔터,2990,3060,3080,2970,237053
2018.07.17,큐브엔터,3060,3115,3115,2980,258672
2018.07.16,큐브엔터,3095,3240,3250,3070,360334
2018.07.13,큐브엔터,3230,3230,3325,3200,300934
2018.07.12,큐브엔터,3230,3240,3285,3175,347454
2018.07.11,큐브엔터,3270,3265,3290,3185,115728
2018.07.10,큐브엔터,3265,3360,3375,3220,389406
2018.07.09,큐브엔터,3345,3325,3435,3255,322764
2018.07.06,큐브엔터,3325,3305,3360,3200,237398
2018.07.05,큐브엔터,3340,3255,3360,3190,359482
2018.07.04,큐브엔터,3310,3400,3520,3230,635124
2018.07.03,큐브엔터,3360,3315,3420,3100,851347
2018.07.02,큐브엔터,3310,3440,3495,3225,517069
2018.06.29,큐브엔터,3440,3615,3645,3380,1293481
2018.06.28,큐브엔터,3590,3365,3630,3245,1946492
2018.06.27,큐브엔터,3365,3365,3400,3270,953500
2018.06.26,큐브엔터,3370,3155,3370,3080,1746318
2018.06.25,큐브엔터,3175,2970,3205,2965,1037700
2018.06.22,큐브엔터,2910,2900,3110,2835,718329
2018.06.21,큐브엔터,2895,3000,3030,2895,486009
2018.06.20,큐브엔터,3010,3040,3135,2940,422585
2018.06.19,큐브엔터,3080,3200,3290,2930,550276
2018.06.18,큐브엔터,3200,3350,3355,3135,719008
2018.06.15,큐브엔터,3355,3200,3415,3150,1217878
2018.06.14,큐브엔터,3175,3240,3245,3085,461704
2018.06.12,큐브엔터,3225,3300,3310,3200,273207
2018.06.11,큐브엔터,3245,3305,3415,3220,876501
2018.06.08,큐브엔터,3280,3120,3315,3095,845116
2018.06.07,큐브엔터,3140,3190,3250,3010,544668
2018.06.05,큐브엔터,3190,3380,3380,3110,904297
2018.06.04,큐브엔터,3370,3305,3445,3205,770298
2018.06.01,큐브엔터,3300,3010,3400,2985,1694267
2018.05.31,큐브엔터,3050,3130,3195,3015,789189
2018.05.30,큐브엔터,3040,3130,3150,3010,794197
2018.05.29,큐브엔터,3135,3060,3185,3020,1370424
2018.05.28,큐브엔터,3010,3220,3220,2930,2230478
2018.05.25,큐브엔터,3195,3210,3385,3155,1206250
2018.05.24,큐브엔터,3215,3430,3565,3120,1944171
2018.05.23,큐브엔터,3480,3420,3510,3305,1001961
2018.05.21,큐브엔터,3490,3635,3640,3275,1931033
2018.05.18,큐브엔터,3640,3315,3735,3290,2688850
2018.05.17,큐브엔터,3250,3110,3285,3090,1408706
2018.05.16,큐브엔터,3015,2865,3185,2715,1520807
2018.05.15,큐브엔터,2875,2875,2950,2785,719395
2018.05.14,큐브엔터,2875,2885,3005,2820,1213155
2018.05.11,큐브엔터,2885,2670,2905,2665,2260537
2018.05.10,큐브엔터,2665,2465,2765,2430,2032561
2018.05.09,큐브엔터,2480,2530,2570,2365,1413610
2018.05.08,큐브엔터,2550,2320,2650,2315,5292440
2018.05.04,큐브엔터,2255,2195,2255,2115,545531
2018.05.03,큐브엔터,2170,2150,2190,2085,296835
2018.05.02,큐브엔터,2140,2070,2200,2055,578884
2018.04.30,큐브엔터,2045,2100,2100,2015,295822
2018.04.27,큐브엔터,2105,2165,2165,2055,234906
2018.04.26,큐브엔터,2165,2125,2250,2105,530156
2018.04.25,큐브엔터,2125,2140,2175,2070,461787
2018.04.24,큐브엔터,2150,2160,2165,2110,304340
2018.04.23,큐브엔터,2155,2180,2200,2110,446136
2018.04.20,큐브엔터,2185,2065,2190,2040,558954
2018.04.19,큐브엔터,2055,2075,2090,2020,316007
2018.04.18,큐브엔터,2075,2110,2110,2020,355179
2018.04.17,큐브엔터,2105,2130,2130,2075,326612
2018.04.16,큐브엔터,2110,1990,2145,1970,535736
2018.04.13,큐브엔터,1970,1970,2000,1935,330616
2018.04.12,큐브엔터,1970,2135,2170,1920,1067063
2018.04.11,큐브엔터,2145,2115,2205,2075,330448
2018.04.10,큐브엔터,2115,2020,2125,1960,501871
2018.04.09,큐브엔터,2020,2115,2115,1995,529074
2018.04.06,큐브엔터,2080,2120,2150,2060,240043
2018.04.05,큐브엔터,2120,2170,2180,2110,233137
2018.04.04,큐브엔터,2170,2235,2300,2120,624214
2018.04.03,큐브엔터,2215,2130,2220,2105,388607
2018.04.02,큐브엔터,2165,2180,2250,2120,1061657
2018.03.30,큐브엔터,2110,2005,2200,2005,2757642
2018.03.29,큐브엔터,2015,1890,2040,1875,1440745
2018.03.28,큐브엔터,1880,1890,1895,1855,239857
2018.03.27,큐브엔터,1890,1860,1895,1860,174377
2018.03.26,큐브엔터,1870,1850,1895,1825,383576
2018.03.23,큐브엔터,1850,1870,1900,1845,189742
2018.03.22,큐브엔터,1890,1905,1905,1835,311000
2018.03.21,큐브엔터,1880,1885,1915,1875,238843
2018.03.20,큐브엔터,1885,1880,1905,1865,142078
2018.03.19,큐브엔터,1880,1885,1910,1865,232011
2018.03.16,큐브엔터,1885,1860,1890,1845,109424
2018.03.15,큐브엔터,1860,1910,1910,1860,117337
2018.03.14,큐브엔터,1915,1880,1915,1840,399227
2018.03.13,큐브엔터,1885,1870,1890,1830,145332
2018.03.12,큐브엔터,1870,1850,1900,1845,425769
2018.03.09,큐브엔터,1845,1785,1850,1785,421243
2018.03.08,큐브엔터,1785,1770,1805,1765,53968
2018.03.07,큐브엔터,1790,1805,1815,1770,88586
2018.03.06,큐브엔터,1805,1810,1815,1785,132179
2018.03.05,큐브엔터,1800,1815,1820,1765,120569
2018.03.02,큐브엔터,1800,1800,1820,1750,172616
2018.02.28,큐브엔터,1800,1785,1800,1760,126947
2018.02.27,큐브엔터,1795,1780,1795,1755,73086
2018.02.26,큐브엔터,1770,1805,1820,1760,216358
2018.02.23,큐브엔터,1795,1770,1815,1755,118045
2018.02.22,큐브엔터,1770,1760,1850,1730,897703
2018.02.21,큐브엔터,1760,1760,1775,1730,82357
2018.02.20,큐브엔터,1760,1760,1775,1730,33431
2018.02.19,큐브엔터,1750,1750,1755,1700,88294
2018.02.14,큐브엔터,1730,1755,1755,1700,125803
2018.02.13,큐브엔터,1745,1750,1755,1720,75861
2018.02.12,큐브엔터,1735,1755,1790,1705,121623
2018.02.09,큐브엔터,1755,1775,1780,1730,102218
2018.02.08,큐브엔터,1775,1745,1830,1735,322963
2018.02.07,큐브엔터,1745,1775,1820,1730,165795
2018.02.06,큐브엔터,1770,1770,1795,1720,201800
2018.02.05,큐브엔터,1800,1780,1835,1760,147240
2018.02.02,큐브엔터,1820,1860,1860,1800,166182
2018.02.01,큐브엔터,1845,1835,1845,1790,102551
2018.01.31,큐브엔터,1820,1840,1860,1800,218590
2018.01.30,큐브엔터,1865,1860,1870,1815,252364
2018.01.29,큐브엔터,1860,1890,1895,1850,226555
2018.01.26,큐브엔터,1880,1850,1890,1830,159809
2018.01.25,큐브엔터,1860,1875,1890,1850,155139
2018.01.24,큐브엔터,1875,1810,1900,1800,719238
2018.01.23,큐브엔터,1805,1785,1805,1775,208556
2018.01.22,큐브엔터,1795,1785,1810,1775,125678
2018.01.19,큐브엔터,1785,1795,1810,1780,175430
2018.01.18,큐브엔터,1785,1800,1820,1770,133615
2018.01.17,큐브엔터,1800,1790,1810,1775,122389
2018.01.16,큐브엔터,1790,1730,1800,1710,210363
2018.01.15,큐브엔터,1745,1755,1780,1705,180173
2018.01.12,큐브엔터,1755,1795,1810,1750,184890
2018.01.11,큐브엔터,1800,1810,1835,1730,498519
2018.01.10,큐브엔터,1810,1830,1830,1760,273017
2018.01.09,큐브엔터,1805,1880,1885,1790,359911
2018.01.08,큐브엔터,1870,1850,1895,1845,183758
2018.01.05,큐브엔터,1845,1890,1920,1840,234393
2018.01.04,큐브엔터,1885,1915,1935,1880,243638
2018.01.03,큐브엔터,1935,1935,1975,1910,148614
2018.01.02,큐브엔터,1950,1955,1970,1930,192191
2017.12.28,큐브엔터,1955,1990,2010,1930,177785
2017.12.27,큐브엔터,1980,2000,2040,1935,248572
2017.12.26,큐브엔터,2000,1990,2015,1985,264743
2017.12.22,큐브엔터,1990,1975,2055,1970,261296
2017.12.21,큐브엔터,1995,2000,2035,1970,307837
2017.12.20,큐브엔터,2000,2000,2040,1990,217954
2017.12.19,큐브엔터,2000,2070,2070,1985,452408
2017.12.18,큐브엔터,2045,1955,2075,1955,562596
2017.12.15,큐브엔터,1950,2000,2010,1950,208754
2017.12.14,큐브엔터,2000,1890,2025,1890,704764
2017.12.13,큐브엔터,1885,1915,1925,1885,172970
2017.12.12,큐브엔터,1915,1940,1950,1895,165082
2017.12.11,큐브엔터,1940,1850,1940,1840,280972
2017.12.08,큐브엔터,1885,1915,1935,1870,201714
2017.12.07,큐브엔터,1910,1955,1975,1890,370315
2017.12.06,큐브엔터,1955,1945,1965,1900,232594
2017.12.05,큐브엔터,1940,1945,1955,1870,345419
2017.12.04,큐브엔터,1945,2010,2030,1915,369301
2017.12.01,큐브엔터,1990,2015,2020,1975,168302
2017.11.30,큐브엔터,1985,1985,2025,1965,209016
2017.11.29,큐브엔터,1985,2045,2045,1980,283363
2017.11.28,큐브엔터,2045,2115,2115,2000,437729
2017.11.27,큐브엔터,2090,2150,2160,2070,558295
2017.11.24,큐브엔터,2170,2120,2220,2075,1237043
2017.11.23,큐브엔터,2080,2005,2140,1980,1533572
2017.11.22,큐브엔터,2005,1950,2060,1935,680002
2017.11.21,큐브엔터,1945,1990,2065,1945,788948
2017.11.20,큐브엔터,1945,1945,1965,1925,178861
2017.11.17,큐브엔터,1940,1995,1995,1925,230762
2017.11.16,큐브엔터,1975,1930,1990,1910,220149
2017.11.15,큐브엔터,1945,1980,2000,1940,382894
2017.11.14,큐브엔터,1990,2045,2090,1980,454848
2017.11.13,큐브엔터,2040,1970,2080,1945,1120052
2017.11.10,큐브엔터,1940,1925,1965,1915,184470
2017.11.09,큐브엔터,1940,1970,1980,1935,170010
2017.11.08,큐브엔터,1970,1985,1985,1940,221885
2017.11.07,큐브엔터,1985,1980,2010,1930,250882
2017.11.06,큐브엔터,2010,1995,2040,1970,599760
2017.11.03,큐브엔터,1970,1915,1975,1900,173124
2017.11.02,큐브엔터,1915,1950,1950,1880,106241
2017.11.01,큐브엔터,1940,1955,1970,1920,163988
2017.10.31,큐브엔터,1955,1950,1975,1930,201811
2017.10.30,큐브엔터,1930,1970,1980,1920,155468
2017.10.27,큐브엔터,1940,2005,2005,1940,392683
2017.10.26,큐브엔터,1960,1900,1990,1880,487312
2017.10.25,큐브엔터,1905,1945,1945,1875,243811
2017.10.24,큐브엔터,1930,1970,1995,1905,329290
2017.10.23,큐브엔터,1960,1855,1985,1855,811722
2017.10.20,큐브엔터,1855,1850,1905,1835,271937
2017.10.19,큐브엔터,1875,1860,1930,1845,316703
2017.10.18,큐브엔터,1875,1875,1925,1835,381993
2017.10.17,큐브엔터,1900,1780,2100,1765,4394147
2017.10.16,큐브엔터,1785,1750,1815,1705,156719
2017.10.13,큐브엔터,1715,1800,1800,1700,206375
2017.10.12,큐브엔터,1785,1845,1845,1780,113044
2017.10.11,큐브엔터,1835,1800,1845,1780,82644
2017.10.10,큐브엔터,1800,1790,1825,1750,120552
2017.09.29,큐브엔터,1795,1820,1835,1755,105336
2017.09.28,큐브엔터,1820,1860,1870,1800,97277
2017.09.27,큐브엔터,1820,1780,1870,1765,256190
2017.09.26,큐브엔터,1750,1585,1915,1585,804840
2017.09.25,큐브엔터,1690,1770,1805,1635,385776
2017.09.22,큐브엔터,1770,1805,1860,1765,183725
2017.09.21,큐브엔터,1820,1870,1900,1810,192953
2017.09.20,큐브엔터,1875,1940,1960,1865,273236
2017.09.19,큐브엔터,1940,1970,2000,1935,129560
2017.09.18,큐브엔터,1975,1950,1985,1930,139378
2017.09.15,큐브엔터,1955,1960,1985,1950,80655
2017.09.14,큐브엔터,1960,1965,2005,1950,207856
2017.09.13,큐브엔터,1985,2020,2020,1970,136773
2017.09.12,큐브엔터,1990,1985,2030,1950,149836
2017.09.11,큐브엔터,1980,2020,2040,1980,242815
2017.09.08,큐브엔터,2020,2050,2080,2000,84072
2017.09.07,큐브엔터,2050,2005,2080,2005,93580
2017.09.06,큐브엔터,2025,2010,2070,1985,132840
2017.09.05,큐브엔터,2030,2070,2100,1990,317665
2017.09.04,큐브엔터,2090,2070,2140,2045,254035
2017.09.01,큐브엔터,2160,2085,2180,2085,322187
2017.08.31,큐브엔터,2080,2130,2130,2075,265033
2017.08.30,큐브엔터,2105,2130,2155,2080,289887
2017.08.29,큐브엔터,2130,2185,2185,2040,837976
2017.08.28,큐브엔터,2175,2235,2250,2145,418872
2017.08.25,큐브엔터,2210,2410,2430,2190,1147889
2017.08.24,큐브엔터,2390,2375,2435,2350,359103
2017.08.23,큐브엔터,2380,2250,2515,2245,1940255
2017.08.22,큐브엔터,2250,2220,2275,2170,473832
2017.08.21,큐브엔터,2195,2095,2220,2070,454127
2017.08.18,큐브엔터,2055,2060,2140,2025,175500
2017.08.17,큐브엔터,2045,2035,2060,1990,130301
2017.08.16,큐브엔터,2020,1980,2045,1975,145365
2017.08.14,큐브엔터,1960,1935,2020,1935,181171
2017.08.11,큐브엔터,1975,1965,2030,1960,264870
2017.08.10,큐브엔터,2020,2175,2185,1990,654436
2017.08.09,큐브엔터,2170,2160,2210,2140,211955
2017.08.08,큐브엔터,2160,2155,2185,2140,266604
2017.08.07,큐브엔터,2155,2195,2265,2150,345681
2017.08.04,큐브엔터,2195,2115,2335,2115,854909
2017.08.03,큐브엔터,2145,2335,2340,2140,1000762
2017.08.02,큐브엔터,2330,2365,2410,2325,520839
2017.08.01,큐브엔터,2365,2700,2730,2205,4467383
2017.07.31,큐브엔터,2695,2610,2725,2600,341758
2017.07.28,큐브엔터,2670,2825,2830,2615,1073498
2017.07.27,큐브엔터,2805,2840,3025,2800,1674856
2017.07.26,큐브엔터,2840,2845,2940,2810,1004980
2017.07.25,큐브엔터,2845,2665,2930,2605,2697354
2017.07.24,큐브엔터,2605,2605,2640,2500,716126
2017.07.21,큐브엔터,2625,2545,2690,2530,1757085
2017.07.20,큐브엔터,2530,2525,2570,2480,697837
2017.07.19,큐브엔터,2515,2410,2610,2410,2659310
2017.07.18,큐브엔터,2410,2385,2420,2335,371127
2017.07.17,큐브엔터,2380,2440,2440,2335,316083
2017.07.14,큐브엔터,2425,2440,2455,2315,389103
2017.07.13,큐브엔터,2400,2405,2500,2380,803335
2017.07.12,큐브엔터,2380,2275,2415,2270,889853
2017.07.11,큐브엔터,2280,2460,2505,2270,1721639
2017.07.10,큐브엔터,2485,2470,2530,2415,1186371
2017.07.07,큐브엔터,2440,2505,2530,2435,1678967
2017.07.06,큐브엔터,2480,2250,2650,2250,7919023
2017.07.05,큐브엔터,2230,2155,2230,2145,238651
2017.07.04,큐브엔터,2155,2155,2215,2105,250481
2017.07.03,큐브엔터,2155,2220,2220,2105,245311
2017.06.30,큐브엔터,2215,2250,2250,2200,178351
2017.06.29,큐브엔터,2255,2250,2275,2220,324874
2017.06.28,큐브엔터,2240,2190,2245,2170,250035
2017.06.27,큐브엔터,2220,2160,2330,2160,982539
2017.06.26,큐브엔터,2180,2175,2190,2145,251787
2017.06.23,큐브엔터,2180,2160,2190,2150,202909
2017.06.22,큐브엔터,2170,2150,2205,2130,434717
2017.06.21,큐브엔터,2145,2145,2290,2140,950458
2017.06.20,큐브엔터,2170,2265,2265,2165,737792
2017.06.19,큐브엔터,2265,2455,2460,2210,1601795
2017.06.16,큐브엔터,2455,2320,2535,2290,5504294
2017.06.15,큐브엔터,2305,2175,2390,2155,3361691
2017.06.14,큐브엔터,2160,2150,2160,2100,254304
2017.06.13,큐브엔터,2150,2125,2185,2120,332454
2017.06.12,큐브엔터,2125,2255,2255,2105,600262
2017.06.09,큐브엔터,2260,2315,2335,2215,434873
2017.06.08,큐브엔터,2295,2380,2385,2275,351921
2017.06.07,큐브엔터,2380,2420,2420,2315,428108
2017.06.05,큐브엔터,2425,2460,2480,2405,464814
2017.06.02,큐브엔터,2445,2315,2450,2300,1898961
2017.06.01,큐브엔터,2295,2315,2325,2285,324166
2017.05.31,큐브엔터,2315,2295,2325,2265,425428
2017.05.30,큐브엔터,2295,2260,2320,2235,485211
2017.05.29,큐브엔터,2250,2315,2330,2220,388142
2017.05.26,큐브엔터,2315,2265,2340,2240,631960
2017.05.25,큐브엔터,2290,2225,2350,2225,1513825
2017.05.24,큐브엔터,2225,2310,2340,2190,772861
2017.05.23,큐브엔터,2315,2285,2350,2225,1585167
2017.05.22,큐브엔터,2285,2270,2310,2195,2138106
2017.05.19,큐브엔터,2260,2175,2335,2155,6999642
2017.05.18,큐브엔터,2155,1950,2410,1945,12890622
2017.05.17,큐브엔터,1960,1885,2125,1885,2397326
2017.05.16,큐브엔터,1900,1925,1925,1870,187838
2017.05.15,큐브엔터,1895,1880,1925,1875,102938
2017.05.12,큐브엔터,1880,1940,1950,1860,204654
2017.05.11,큐브엔터,1915,1935,1975,1910,223220
2017.05.10,큐브엔터,1910,1930,1930,1900,154397
2017.05.08,큐브엔터,1900,1920,1940,1890,196650
2017.05.04,큐브엔터,1920,1915,1935,1900,97102
2017.05.02,큐브엔터,1915,1910,2020,1895,547280
2017.04.28,큐브엔터,1905,1865,1915,1825,269853
2017.04.27,큐브엔터,1870,1875,1885,1855,94791
2017.04.26,큐브엔터,1875,1870,1925,1865,381090
2017.04.25,큐브엔터,1870,1845,1885,1815,442185
2017.04.24,큐브엔터,1835,1880,1880,1825,255194
2017.04.21,큐브엔터,1860,1880,1895,1855,211987
2017.04.20,큐브엔터,1850,1900,1950,1780,524623
2017.04.19,큐브엔터,1900,1910,1920,1880,192444
2017.04.18,큐브엔터,1910,1900,1950,1865,350553
2017.04.17,큐브엔터,1890,1865,1930,1865,162735
2017.04.14,큐브엔터,1870,1935,1950,1855,369553
2017.04.13,큐브엔터,1955,1860,2045,1860,829279
2017.04.12,큐브엔터,1845,1910,1920,1835,288671
2017.04.11,큐브엔터,1905,1970,1995,1890,299898
2017.04.10,큐브엔터,1950,2130,2130,1920,508746
2017.04.07,큐브엔터,2130,2085,2175,2050,1033310
2017.04.06,큐브엔터,2100,2000,2115,1980,1158528
2017.04.05,큐브엔터,1990,1925,2025,1920,567353
2017.04.04,큐브엔터,1910,1980,1980,1905,326777
2017.04.03,큐브엔터,1965,1990,1990,1915,256813
2017.03.31,큐브엔터,1990,2035,2050,1970,488885
2017.03.30,큐브엔터,2050,1995,2050,1975,411240
2017.03.29,큐브엔터,1995,1980,2085,1975,691037
2017.03.28,큐브엔터,1985,1815,2120,1785,2510169
2017.03.27,큐브엔터,1830,1745,1915,1745,589711
2017.03.24,큐브엔터,1745,1770,1785,1720,269076
2017.03.23,큐브엔터,1785,1805,1835,1755,244686
2017.03.22,큐브엔터,1810,1820,1850,1775,314356
2017.03.21,큐브엔터,1835,1920,1920,1815,362032
2017.03.20,큐브엔터,1885,1885,1930,1875,150514
2017.03.17,큐브엔터,1920,1925,1930,1840,191938
2017.03.16,큐브엔터,1915,1960,1980,1915,194402
2017.03.15,큐브엔터,1950,2000,2025,1945,185155
2017.03.14,큐브엔터,2010,1985,2045,1930,390895
2017.03.13,큐브엔터,2010,1945,2035,1910,605426
2017.03.10,큐브엔터,1905,1900,1915,1810,345493
2017.03.09,큐브엔터,1900,1860,1945,1860,367769
2017.03.08,큐브엔터,1860,1810,1925,1800,461211
2017.03.07,큐브엔터,1810,1800,1890,1795,349667
2017.03.06,큐브엔터,1825,1835,1880,1790,480360
2017.03.03,큐브엔터,1880,1985,2000,1860,585083
2017.03.02,큐브엔터,1985,2040,2060,1975,414881
2017.02.28,큐브엔터,2035,1995,2075,1995,277807
2017.02.27,큐브엔터,2025,2065,2085,2005,262548
2017.02.24,큐브엔터,2060,2075,2100,2045,322252
2017.02.23,큐브엔터,2065,2070,2145,2055,567580
2017.02.22,큐브엔터,2070,2100,2120,2055,345210
2017.02.21,큐브엔터,2100,2020,2155,1995,1008115
2017.02.20,큐브엔터,2010,2015,2075,1955,566934
2017.02.17,큐브엔터,2020,2090,2090,1950,1038792
2017.02.16,큐브엔터,2095,2300,2355,2055,2616321
2017.02.15,큐브엔터,2300,2190,2450,2180,4063426
2017.02.14,큐브엔터,2125,2260,2290,2115,4503029
2017.02.13,큐브엔터,2260,2300,2325,2240,254223
2017.02.10,큐브엔터,2310,2350,2425,2310,549770
2017.02.09,큐브엔터,2335,2290,2335,2280,264645
2017.02.08,큐브엔터,2315,2375,2375,2230,400470
2017.02.07,큐브엔터,2335,2395,2430,2305,421225
2017.02.06,큐브엔터,2395,2310,2500,2310,1331546
2017.02.03,큐브엔터,2310,2230,2350,2230,466126
2017.02.02,큐브엔터,2255,2315,2475,2250,1096698
2017.02.01,큐브엔터,2310,2490,2545,2310,1178413
2017.01.31,큐브엔터,2465,2465,2525,2385,819220
2017.01.26,큐브엔터,2450,2450,2495,2360,1151997
2017.01.25,큐브엔터,2450,2320,2550,2310,4277719
2017.01.24,큐브엔터,2330,2235,2570,2200,6013281
2017.01.23,큐브엔터,2215,2270,2320,2175,1083448
2017.01.20,큐브엔터,2270,2080,2475,2070,9542490
2017.01.19,큐브엔터,2075,2085,2145,2075,263750
2017.01.18,큐브엔터,2085,2075,2130,2035,201126
2017.01.17,큐브엔터,2075,2090,2150,2075,192168
2017.01.16,큐브엔터,2095,2075,2180,2075,234513
2017.01.13,큐브엔터,2095,2100,2160,2060,187696
2017.01.12,큐브엔터,2080,2170,2175,2065,323092
2017.01.11,큐브엔터,2165,2280,2280,2160,551544
2017.01.10,큐브엔터,2245,2215,2280,2170,746881
2017.01.09,큐브엔터,2210,2210,2220,2120,485473
2017.01.06,큐브엔터,2200,2250,2325,2200,1226135
2017.01.05,큐브엔터,2225,2165,2265,2120,1155040
2017.01.04,큐브엔터,2130,2145,2145,2075,425659
2017.01.03,큐브엔터,2130,2105,2140,2065,359436
2017.01.02,큐브엔터,2095,2030,2130,2000,387122
2016.12.29,큐브엔터,2020,2005,2085,2000,346073
2016.12.28,큐브엔터,2010,2030,2055,1995,269923
2016.12.27,큐브엔터,2030,2130,2150,2000,386850
2016.12.26,큐브엔터,2085,2100,2150,2070,472725
2016.12.23,큐브엔터,2065,2070,2105,2020,413039
2016.12.22,큐브엔터,2080,2140,2175,2080,611179
2016.12.21,큐브엔터,2165,2255,2320,2160,746727
2016.12.20,큐브엔터,2255,2150,2315,2120,948855
2016.12.19,큐브엔터,2150,2450,2450,2125,1913191
2016.12.16,큐브엔터,2295,2250,2355,2220,1694537
2016.12.15,큐브엔터,2195,2160,2255,2155,814652
2016.12.14,큐브엔터,2215,2145,2350,2100,3680524
2016.12.13,큐브엔터,2135,2105,2160,2045,878599
2016.12.12,큐브엔터,2105,1915,2235,1890,4636453
2016.12.09,큐브엔터,1865,1910,1930,1820,865332
2016.12.08,큐브엔터,1905,1860,1950,1860,642642
2016.12.07,큐브엔터,1875,2045,2050,1855,924750
2016.12.06,큐브엔터,2020,2130,2160,1995,1830544
2016.12.05,큐브엔터,2115,1855,2410,1725,9302996
2016.12.02,큐브엔터,1855,1970,1975,1820,703002
2016.12.01,큐브엔터,1935,1995,2045,1910,1090489
2016.11.30,큐브엔터,2080,2220,2220,2070,347941
2016.11.29,큐브엔터,2185,2220,2345,2185,332227
2016.11.28,큐브엔터,2245,2240,2330,2210,258913
2016.11.25,큐브엔터,2275,2130,2335,2105,950453
2016.11.24,큐브엔터,2115,2250,2310,2085,822193
2016.11.23,큐브엔터,2290,2440,2440,2220,624949
2016.11.22,큐브엔터,2445,2610,2635,2420,458090
2016.11.21,큐브엔터,2585,2835,2840,2530,940273
2016.11.18,큐브엔터,2840,3085,3090,2840,566973
2016.11.17,큐브엔터,3055,3085,3135,2990,470124
2016.11.16,큐브엔터,3140,3260,3325,3090,432388
2016.11.15,큐브엔터,3290,3295,3450,3250,312785
2016.11.14,큐브엔터,3290,3305,3480,3235,282482
2016.11.11,큐브엔터,3250,3400,3400,3210,532225
2016.11.10,큐브엔터,3410,3250,3550,3120,585996
2016.11.09,큐브엔터,3030,3165,3210,2840,713151
2016.11.08,큐브엔터,3160,3180,3255,3110,527324
2016.11.07,큐브엔터,3130,3280,3320,3065,1147208
2016.11.04,큐브엔터,3405,2775,3570,2775,1849612
2016.11.03,큐브엔터,2800,2630,3170,2630,575622
2016.11.02,큐브엔터,2630,2930,2940,2630,263197
2016.11.01,큐브엔터,2890,2760,3185,2760,247867
2016.10.31,큐브엔터,2960,3115,3300,2920,383594
2016.10.28,큐브엔터,3245,3340,3430,3200,166266
2016.10.27,큐브엔터,3350,3400,3495,3300,113441
2016.10.26,큐브엔터,3400,3575,3575,3400,232080
2016.10.25,큐브엔터,3575,3580,3630,3500,239335
2016.10.24,큐브엔터,3605,3780,3780,3545,492761
2016.10.21,큐브엔터,3690,3255,3770,3255,1043529
2016.10.20,큐브엔터,3295,3435,3595,3110,408563
2016.10.19,큐브엔터,3435,3515,3740,3435,756325
2016.10.18,큐브엔터,3515,3200,3785,3060,2736681
2016.10.17,큐브엔터,3215,3510,3635,3195,2078553
2016.10.14,큐브엔터,3700,3850,3850,3670,810255
2016.10.13,큐브엔터,3850,3825,3890,3700,807586
2016.10.12,큐브엔터,3685,3775,3850,3685,577442
2016.10.11,큐브엔터,3765,3725,3875,3700,764355
2016.10.10,큐브엔터,3775,4225,4225,3750,2122450
2016.10.07,큐브엔터,4275,4265,4450,4050,937565
2016.10.06,큐브엔터,4220,4080,4485,4040,1047664
2016.10.05,큐브엔터,4070,4000,4160,4000,415890
2016.10.04,큐브엔터,4035,3900,4150,3800,609750
2016.09.30,큐브엔터,3930,4020,4080,3830,702018
2016.09.29,큐브엔터,3990,4105,4125,3965,447496
2016.09.28,큐브엔터,4050,4075,4170,3830,1208288
2016.09.27,큐브엔터,4055,3700,4100,3580,3419899
2016.09.26,큐브엔터,3835,4600,4645,3670,5329757
2016.09.23,큐브엔터,4790,4870,5090,4645,3494747
2016.09.22,큐브엔터,4570,4255,4570,4160,2103814
2016.09.21,큐브엔터,4125,3845,4420,3845,3901297
2016.09.20,큐브엔터,3780,3680,3875,3535,3123744
2016.09.19,큐브엔터,3550,3900,4350,3550,5620435
2016.09.13,큐브엔터,3725,3440,4300,3290,10567373
2016.09.12,큐브엔터,3390,3000,3390,2980,2842028
2016.09.09,큐브엔터,3090,2770,3090,2770,4775707
2016.09.08,큐브엔터,2720,2620,2795,2620,1066275
2016.09.07,큐브엔터,2610,2640,2750,2610,634076
2016.09.06,큐브엔터,2590,2600,2660,2570,158056
2016.09.05,큐브엔터,2625,2725,2725,2620,304152
2016.09.02,큐브엔터,2680,2520,2745,2520,930223
2016.09.01,큐브엔터,2520,2505,2595,2440,347615
2016.08.31,큐브엔터,2500,2600,2655,2500,234655
2016.08.30,큐브엔터,2600,2625,2725,2570,389904
2016.08.29,큐브엔터,2600,2525,2615,2515,284846
2016.08.26,큐브엔터,2550,2555,2595,2490,239833
2016.08.25,큐브엔터,2555,2530,2600,2505,173792
2016.08.24,큐브엔터,2560,2570,2580,2520,316907
2016.08.23,큐브엔터,2560,2505,2565,2460,391439
2016.08.22,큐브엔터,2540,2350,2580,2345,1635063
2016.08.19,큐브엔터,2335,2205,2365,2205,306246
2016.08.18,큐브엔터,2215,2195,2235,2175,113940
2016.08.17,큐브엔터,2210,2220,2245,2190,120179
2016.08.16,큐브엔터,2255,2255,2260,2230,81416
2016.08.12,큐브엔터,2255,2280,2280,2240,100700
2016.08.11,큐브엔터,2250,2290,2325,2240,101984
2016.08.10,큐브엔터,2290,2295,2325,2260,125393
2016.08.09,큐브엔터,2260,2220,2300,2220,123557
2016.08.08,큐브엔터,2220,2265,2265,2165,262609
2016.08.05,큐브엔터,2265,2300,2305,2200,452653
2016.08.04,큐브엔터,2300,2400,2420,2285,512272
2016.08.03,큐브엔터,2405,2435,2460,2340,260035
2016.08.02,큐브엔터,2440,2530,2540,2395,459136
2016.08.01,큐브엔터,2510,2450,2800,2450,1461508
2016.07.29,큐브엔터,2440,2475,2510,2430,196293
2016.07.28,큐브엔터,2475,2480,2525,2460,164337
2016.07.27,큐브엔터,2490,2505,2540,2465,194456
2016.07.26,큐브엔터,2510,2470,2545,2420,398781
2016.07.25,큐브엔터,2460,2690,2710,2420,1275124
2016.07.22,큐브엔터,2725,2860,2880,2625,1070310
2016.07.21,큐브엔터,2875,2815,2930,2770,1781325
2016.07.20,큐브엔터,2810,2780,2830,2735,501330
2016.07.19,큐브엔터,2775,2840,2910,2735,1584903
2016.07.18,큐브엔터,2805,2610,2805,2520,845680
2016.07.15,큐브엔터,2650,2585,2690,2560,341944
2016.07.14,큐브엔터,2570,2630,2650,2530,384243
2016.07.13,큐브엔터,2630,2585,2780,2565,1418928
2016.07.12,큐브엔터,2585,2570,2605,2555,197255
2016.07.11,큐브엔터,2570,2550,2610,2460,249998
2016.07.08,큐브엔터,2550,2625,2625,2490,318798
2016.07.07,큐브엔터,2625,2615,2685,2605,214677
2016.07.06,큐브엔터,2610,2655,2715,2600,213441
2016.07.05,큐브엔터,2655,2605,2690,2600,201100
2016.07.04,큐브엔터,2635,2685,2740,2635,592770
2016.07.01,큐브엔터,2640,2575,2680,2575,431214
2016.06.30,큐브엔터,2575,2660,2690,2510,484852
2016.06.29,큐브엔터,2600,2525,2680,2480,235459
2016.06.28,큐브엔터,2460,2355,2490,2345,254256
2016.06.27,큐브엔터,2435,2305,2455,2300,236211
2016.06.24,큐브엔터,2410,2630,2670,2240,580351
2016.06.23,큐브엔터,2625,2650,2650,2535,237766
2016.06.22,큐브엔터,2645,2510,2690,2510,558980
2016.06.21,큐브엔터,2510,2540,2540,2495,74404
2016.06.20,큐브엔터,2490,2475,2510,2450,92946
2016.06.17,큐브엔터,2475,2480,2520,2445,95578
2016.06.16,큐브엔터,2440,2520,2600,2430,276161
2016.06.15,큐브엔터,2550,2500,2570,2430,118480
2016.06.14,큐브엔터,2485,2590,2590,2455,214489
2016.06.13,큐브엔터,2565,2670,2670,2550,194818
2016.06.10,큐브엔터,2670,2605,2685,2580,141990
2016.06.09,큐브엔터,2605,2710,2730,2595,510723
2016.06.08,큐브엔터,2705,2700,2750,2645,278734
2016.06.07,큐브엔터,2700,2640,2730,2625,646641
2016.06.03,큐브엔터,2630,2565,2665,2550,328093
2016.06.02,큐브엔터,2600,2545,2650,2505,429102
2016.06.01,큐브엔터,2550,2640,2660,2550,526623
2016.05.31,큐브엔터,2675,2800,3000,2640,2994798
2016.05.30,큐브엔터,2730,2545,2730,2500,934605
2016.05.27,큐브엔터,2520,2540,2550,2465,202237
2016.05.26,큐브엔터,2535,2430,2575,2420,408767
2016.05.25,큐브엔터,2395,2395,2600,2355,443302
2016.05.24,큐브엔터,2395,2430,2430,2380,107067
2016.05.23,큐브엔터,2415,2445,2450,2400,125906
2016.05.20,큐브엔터,2415,2440,2470,2395,117260
2016.05.19,큐브엔터,2470,2405,2495,2355,205501
2016.05.18,큐브엔터,2395,2425,2425,2360,173867
2016.05.17,큐브엔터,2425,2440,2440,2370,210119
2016.05.16,큐브엔터,2440,2490,2490,2420,86269
2016.05.13,큐브엔터,2470,2505,2520,2440,146457
2016.05.12,큐브엔터,2505,2450,2515,2445,143221
2016.05.11,큐브엔터,2475,2450,2485,2410,130690
2016.05.10,큐브엔터,2420,2420,2465,2405,166872
2016.05.09,큐브엔터,2420,2525,2575,2370,469048
2016.05.04,큐브엔터,2525,2550,2580,2495,278236
2016.05.03,큐브엔터,2550,2605,2605,2510,262095
2016.05.02,큐브엔터,2605,2700,2730,2605,242070
2016.04.29,큐브엔터,2675,2610,2685,2580,377212
2016.04.28,큐브엔터,2605,2675,2730,2605,457750
2016.04.27,큐브엔터,2685,2450,2755,2450,1739859
2016.04.26,큐브엔터,2510,2410,2560,2390,256090
2016.04.25,큐브엔터,2425,2470,2470,2405,180809
2016.04.22,큐브엔터,2465,2485,2500,2440,237093
2016.04.21,큐브엔터,2485,2465,2530,2460,342091
2016.04.20,큐브엔터,2520,2540,2575,2515,237214
2016.04.19,큐브엔터,2565,2590,2605,2520,220460
2016.04.18,큐브엔터,2595,2580,2595,2530,85177
2016.04.15,큐브엔터,2570,2580,2605,2525,145304
2016.04.14,큐브엔터,2565,2460,2565,2435,256812
2016.04.12,큐브엔터,2540,2570,2595,2515,319715
2016.04.11,큐브엔터,2595,2625,2625,2570,181802
2016.04.08,큐브엔터,2625,2595,2630,2560,314164
2016.04.07,큐브엔터,2595,2580,2670,2540,623472
2016.04.06,큐브엔터,2575,2515,2580,2420,459049
2016.04.05,큐브엔터,2510,2530,2570,2450,384334
2016.04.04,큐브엔터,2525,2530,2620,2485,796955
2016.04.01,큐브엔터,2500,2615,2615,2440,1000313
2016.03.31,큐브엔터,2650,2815,2845,2600,968516
2016.03.30,큐브엔터,2815,2880,2925,2755,726831
2016.03.29,큐브엔터,2840,2865,2985,2785,949663
2016.03.28,큐브엔터,2875,3050,3050,2850,1104417
2016.03.25,큐브엔터,2985,3060,3175,2965,1542467
2016.03.24,큐브엔터,3100,3025,3240,2980,2587396
2016.03.23,큐브엔터,2980,2935,3300,2860,4281265
2016.03.22,큐브엔터,3010,3100,3125,2945,1284877
2016.03.21,큐브엔터,3075,2920,3345,2905,4500738
2016.03.18,큐브엔터,2915,3020,3050,2850,2196092
2016.03.17,큐브엔터,3070,2870,3360,2730,10307960
2016.03.16,큐브엔터,2810,2600,3145,2550,11427079
2016.03.15,큐브엔터,2570,2700,2830,2570,2265871
2016.03.14,큐브엔터,2725,2760,2780,2605,1847794
2016.03.11,큐브엔터,2825,2360,2945,2355,9875455
2016.03.10,큐브엔터,2340,2435,2495,2340,768982
2016.03.09,큐브엔터,2435,2430,2530,2415,901925
2016.03.08,큐브엔터,2455,2430,2615,2410,2253286
2016.03.07,큐브엔터,2425,2605,2630,2395,1396783
2016.03.04,큐브엔터,2600,2650,2730,2575,1855001
2016.03.03,큐브엔터,2650,2750,3275,2585,10104137
2016.03.02,큐브엔터,2530,2555,2760,2460,4701544
2016.02.29,큐브엔터,2590,2070,2590,2050,2505695
2016.02.26,큐브엔터,1995,1985,2030,1980,20060
2016.02.25,큐브엔터,1985,2025,2025,1970,49594
2016.02.24,큐브엔터,2010,2000,2045,1980,60465
2016.02.23,큐브엔터,2000,2030,2075,1995,46724
2016.02.22,큐브엔터,2055,2070,2070,2000,45799
2016.02.19,큐브엔터,2030,1980,2030,1960,34186
2016.02.18,큐브엔터,1980,2000,2025,1955,43207
2016.02.17,큐브엔터,1975,2020,2020,1950,88775
2016.02.16,큐브엔터,2020,2010,2080,1985,43405
2016.02.15,큐브엔터,1990,1930,2035,1930,58089
2016.02.12,큐브엔터,1995,2195,2195,1850,159080
2016.02.11,큐브엔터,2160,2195,2225,2065,40852
2016.02.05,큐브엔터,2200,2155,2250,2155,41715
2016.02.04,큐브엔터,2155,2205,2205,2120,61802
2016.02.03,큐브엔터,2205,2245,2245,2140,60278
2016.02.02,큐브엔터,2245,2285,2285,2200,91533
2016.02.01,큐브엔터,2285,2250,2305,2210,170996
2016.01.29,큐브엔터,2230,2245,2245,2180,69093
2016.01.28,큐브엔터,2245,2200,2255,2155,73369
2016.01.27,큐브엔터,2255,2250,2330,2220,202662
2016.01.26,큐브엔터,2250,2135,2550,2135,913009
2016.01.25,큐브엔터,2150,2000,2155,2000,83189
2016.01.22,큐브엔터,2020,1915,2040,1915,53296
2016.01.21,큐브엔터,1930,1930,1970,1905,66421
2016.01.20,큐브엔터,1975,2085,2085,1885,90830
2016.01.19,큐브엔터,2030,2105,2105,2025,49309
2016.01.18,큐브엔터,2095,2110,2110,2070,53139
2016.01.15,큐브엔터,2110,2150,2190,2095,67084
2016.01.14,큐브엔터,2100,2105,2145,2085,52685
2016.01.13,큐브엔터,2145,2165,2165,2110,61094
2016.01.12,큐브엔터,2130,2130,2165,2095,78735
2016.01.11,큐브엔터,2115,2105,2145,2070,100434
2016.01.08,큐브엔터,2090,2040,2145,1990,106842
2016.01.07,큐브엔터,2090,2110,2175,2060,175630
2016.01.06,큐브엔터,2070,2130,2130,2030,54468
2016.01.05,큐브엔터,2100,2155,2160,2095,38521
2016.01.04,큐브엔터,2135,2145,2200,2135,42415
